1-1	1-1-1	1-1%20WPS%20%E6%96%87%E5%AD%97%E5%9F%BA%E6%9C%AC%E6%93%8D%E4%BD%9C/03/%E6%96%87%E6%A1%A31.docx	03/文档1.docx	29903d81da2d46e32e27cda9995b3e7570eb910f795dc66565fae947a61b9d79
1-1	1-1-2	1-1%20WPS%20%E6%96%87%E5%AD%97%E5%9F%BA%E6%9C%AC%E6%93%8D%E4%BD%9C/04/%E4%B8%83%E4%B8%80%E8%AE%B2%E8%AF%9D%E8%8A%82%E9%80%89.docx	04/七一讲话节选.docx	a570f374e75ed53a95d2ac3e0d80a4ca4a1bc4499f65a0945176f715e655a2c1
1-1	1-1-2	1-1%20WPS%20%E6%96%87%E5%AD%97%E5%9F%BA%E6%9C%AC%E6%93%8D%E4%BD%9C/04/%E4%B8%AD%E5%9B%BD%E5%85%B1%E4%BA%A7%E5%85%9A%E5%85%9A%E5%8F%B2.docx	04/中国共产党党史.docx	4b381e4df982b366970ef9d96ed104dcd5069badbaa2a27d28951ed649f8d0cd
1-1	1-1-3	1-1%20WPS%20%E6%96%87%E5%AD%97%E5%9F%BA%E6%9C%AC%E6%93%8D%E4%BD%9C/05/%E4%B8%AD%E5%9B%BD%E5%85%B1%E4%BA%A7%E5%85%9A%E5%85%9A%E5%8F%B2.docx	05/中国共产党党史.docx	39079102f607273299021b18c0796925fac741f541bbbd56c31214562b2ae873
1-1	1-1-3	1-1%20WPS%20%E6%96%87%E5%AD%97%E5%9F%BA%E6%9C%AC%E6%93%8D%E4%BD%9C/05/%E5%A4%8D%E5%88%B6%E6%AE%B5%E8%90%BD.docx	05/复制段落.docx	dcc97b03587f700645372aad0a1e2abafc9b18475e4b282e8b7221705e808ba6
1-1	1-1-4	1-1%20WPS%20%E6%96%87%E5%AD%97%E5%9F%BA%E6%9C%AC%E6%93%8D%E4%BD%9C/06/%E5%9B%BE%E4%B9%A6%E7%AE%A1%E7%90%86%E5%88%B6%E5%BA%A6.docx	06/图书管理制度.docx	c12e7db235e3a101bd8e11958f5521a53ec79190ee61f33f21ac35f2adb35eb7
1-2	1-2-1	1-2%20WPS%20%E6%96%87%E6%A1%A3%E6%A0%BC%E5%BC%8F%E7%9A%84%E7%BC%96%E8%BE%91/4.2.1/%E4%B8%AD%E5%9B%BD%E5%85%B1%E4%BA%A7%E5%85%9A%E5%85%9A%E5%8F%B2.docx	4.2.1/中国共产党党史.docx	4c4fee7459a38014f4a1d1234648346c2d9f44d1c8eb62895b8f58dd3adb3d28
1-2	1-2-2	1-2%20WPS%20%E6%96%87%E6%A1%A3%E6%A0%BC%E5%BC%8F%E7%9A%84%E7%BC%96%E8%BE%91/4.2.2/%E4%B8%AD%E5%9B%BD%E5%85%B1%E4%BA%A7%E5%85%9A%E5%85%9A%E5%8F%B2.docx	4.2.2/中国共产党党史.docx	5840b94828fe57dfcafb5e1062554ebee0f1e5c21b3a5008faae1d26d94b6752
1-2	1-2-3	1-2%20WPS%20%E6%96%87%E6%A1%A3%E6%A0%BC%E5%BC%8F%E7%9A%84%E7%BC%96%E8%BE%91/4.2.3/%E5%AD%A6%E6%9C%AF%E8%AE%BA%E6%96%87.docx	4.2.3/学术论文.docx	1943093554ed9d7cf13ebf869e2dac5cb9a70212c3bbad026df2157af9459dff
1-2	1-2-4	1-2%20WPS%20%E6%96%87%E6%A1%A3%E6%A0%BC%E5%BC%8F%E7%9A%84%E7%BC%96%E8%BE%91/4.2.4/%E4%B8%AD%E5%9B%BD%E5%85%B1%E4%BA%A7%E5%85%9A%E5%85%9A%E5%8F%B2.docx	4.2.4/中国共产党党史.docx	e3cc7146c2074ad4115d6429d78657c75f82ace47b7cdc8ed203801b07bf6c39
1-2	1-2-5	1-2%20WPS%20%E6%96%87%E6%A1%A3%E6%A0%BC%E5%BC%8F%E7%9A%84%E7%BC%96%E8%BE%91/4.2.5/%E4%B8%AD%E5%9B%BD%E5%85%B1%E4%BA%A7%E5%85%9A%E5%85%9A%E5%8F%B2.docx	4.2.5/中国共产党党史.docx	c44adcef57d77a6c4f9e5177a1a004c470078c1c6b8fb1aba924dc8522849ca7
1-2	1-2-6	1-2%20WPS%20%E6%96%87%E6%A1%A3%E6%A0%BC%E5%BC%8F%E7%9A%84%E7%BC%96%E8%BE%91/4.2.6/%E7%94%B5%E8%A7%86%E5%89%A7%E8%B1%86%E7%93%A3%E8%AF%84%E5%88%86%E6%8E%92%E8%A1%8C%E6%A6%9C.docx	4.2.6/电视剧豆瓣评分排行榜.docx	c49255370c38e2bcb4a59d51e08aff7178c726ee31ab3c1098b602a09f4b381b
1-2	1-2-7	1-2%20WPS%20%E6%96%87%E6%A1%A3%E6%A0%BC%E5%BC%8F%E7%9A%84%E7%BC%96%E8%BE%91/4.2.7/%E6%9C%8D%E5%8A%A1%E5%99%A8%E5%80%9F%E7%94%A8%E5%90%88%E5%90%8C.docx	4.2.7/服务器借用合同.docx	750a21dc63d7b6cf2c5e86aff9735d477562f7326790f46d8aea78089f958c3a
1-3	1-3-1	1-3%20WPS%20%E7%9A%84%E5%9B%BE%E7%89%87%E5%92%8C%E8%A1%A8%E6%A0%BC%E7%9A%84%E5%A4%84%E7%90%86/4.3.1/%E6%B5%8B%E8%AF%95.docx	4.3.1/测试.docx	906b1f2a7eb8f986f9bbdc41fb738be745c264dae87415b19ca2ed85ebec3ebe
1-3	1-3-2	1-3%20WPS%20%E7%9A%84%E5%9B%BE%E7%89%87%E5%92%8C%E8%A1%A8%E6%A0%BC%E7%9A%84%E5%A4%84%E7%90%86/4.3.2/%E7%B4%A0%E6%9D%90%E5%86%AC%E5%A5%A5%E4%BC%9A.docx	4.3.2/素材冬奥会.docx	aa92f213dee9156b3dc4f12e6666e01d8e5be59f037f183f256686a420c98174
1-3	1-3-3	1-3%20WPS%20%E7%9A%84%E5%9B%BE%E7%89%87%E5%92%8C%E8%A1%A8%E6%A0%BC%E7%9A%84%E5%A4%84%E7%90%86/4.3.3/%E7%B4%A0%E6%9D%90%E5%86%AC%E5%A5%A5%E4%BC%9A-%E8%89%BA%E6%9C%AF%E5%AD%97.docx	4.3.3/素材冬奥会-艺术字.docx	420e992f77a21e8f6cf4854fd1fea68e7013235e272d6af409daa968ec227d7c
1-3	1-3-4	1-3%20WPS%20%E7%9A%84%E5%9B%BE%E7%89%87%E5%92%8C%E8%A1%A8%E6%A0%BC%E7%9A%84%E5%A4%84%E7%90%86/4.3.4/%E8%87%AA%E9%80%89%E5%9B%BE%E5%BD%A2%E5%BA%94%E7%94%A8.docx	4.3.4/自选图形应用.docx	dca156afded68bd0d46d468496e195f9e269571e78fba596f9e4b3e6a798ef24
1-3	1-3-5	1-3%20WPS%20%E7%9A%84%E5%9B%BE%E7%89%87%E5%92%8C%E8%A1%A8%E6%A0%BC%E7%9A%84%E5%A4%84%E7%90%86/4.3.5/%E7%B4%A0%E6%9D%90%E8%80%83%E7%94%9F%E5%9F%BA%E6%9C%AC%E4%BF%A1%E6%81%AF%E8%A1%A8.docx	4.3.5/素材考生基本信息表.docx	0cc8e5d575e7f451f87989565c2d546bf3f57ae8eac031835cc075b575f49d21
1-3	1-3-6	1-3%20WPS%20%E7%9A%84%E5%9B%BE%E7%89%87%E5%92%8C%E8%A1%A8%E6%A0%BC%E7%9A%84%E5%A4%84%E7%90%86/4.3.6/xx%E5%8D%95%E4%BD%8D%E5%B7%AE%E6%97%85%E6%8A%A5%E9%94%80%E5%8D%95.docx	4.3.6/xx单位差旅报销单.docx	d99d44e51ec522eb37b3456deace6dcad3cde6c797d07002088943b96d109599
1-3	1-3-7	1-3%20WPS%20%E7%9A%84%E5%9B%BE%E7%89%87%E5%92%8C%E8%A1%A8%E6%A0%BC%E7%9A%84%E5%A4%84%E7%90%86/4.3.7/%E7%94%B5%E5%AD%90%E5%B0%8F%E6%8A%A5.docx	4.3.7/电子小报.docx	ba7d9a7197061e07e659c8acf51b262f7e3f2562be7e2663544728817ba2b742
1-4	1-4-1	1-4%20WPS%20%E6%96%87%E6%A1%A3%E6%8E%92%E7%89%88/4.4.2/%E6%96%87%E6%A1%A31.docx	4.4.2/文档1.docx	da4940ec0f0c456a511fe9eac31636222e4451e7367266c1c6bb3588907aa740
1-4	1-4-2	1-4%20WPS%20%E6%96%87%E6%A1%A3%E6%8E%92%E7%89%88/4.4.3/%E4%B8%AD%E5%9B%BD%E5%85%B1%E4%BA%A7%E5%85%9A%E5%85%9A%E5%8F%B2%E7%B4%A0%E6%9D%90.docx	4.4.3/中国共产党党史素材.docx	d1077118481a9575abc7990e07150f915504e235b393bdd4ba1b4c92a79215b2
1-4	1-4-3	1-4%20WPS%20%E6%96%87%E6%A1%A3%E6%8E%92%E7%89%88/4.4.4/%E4%B8%AD%E5%9B%BD%E5%85%B1%E4%BA%A7%E5%85%9A%E5%85%9A%E5%8F%B2.docx	4.4.4/中国共产党党史.docx	81f52212d3f002fcded638a4f842a4c0fdd4f3264f5dbc80510a43014d27a346
1-4	1-4-4	1-4%20WPS%20%E6%96%87%E6%A1%A3%E6%8E%92%E7%89%88/step4_SetType/%E5%A4%9A%E5%AA%92%E4%BD%93%E4%BF%A1%E6%81%AF%E5%A4%84%E7%90%86%E5%B7%A5%E5%85%B7%E4%BB%8B%E7%BB%8D.docx	step4_SetType/多媒体信息处理工具介绍.docx	df22d1887e3ecb779aeb0a68fbcef80da8e83e5916a5e45479cb2fccfb40aff1
1-4	1-4-5	1-4%20WPS%20%E6%96%87%E6%A1%A3%E6%8E%92%E7%89%88/step6_InsertFoot/%E4%B8%AD%E5%9B%BD%E5%85%B1%E4%BA%A7%E5%85%9A%E5%85%9A%E5%8F%B2.docx	step6_InsertFoot/中国共产党党史.docx	a67442c29ced210910e3fec8009c88d8c2d5a9cc0839c25d3bc367695a3d5549
1-5	1-5-1	1-5%20WPS%20%E9%95%BF%E6%96%87%E6%A1%A3%E6%8E%92%E7%89%88/step1/.gitkeep	step1/.gitkeep	e3b0c44298fc1c149afbf4c8996fb92427ae41e4649b934ca495991b7852b855
1-5	1-5-1	1-5%20WPS%20%E9%95%BF%E6%96%87%E6%A1%A3%E6%8E%92%E7%89%88/step1/%E7%B4%A0%E6%9D%90%E4%B8%AD%E5%9B%BD%E5%85%B1%E4%BA%A7%E5%85%9A%E5%85%9A%E5%8F%B2-%E6%96%B0.docx	step1/素材中国共产党党史-新.docx	f7a1fc0195e94b4c66e4dc5a1b9fa8f0574a33b9e40412e21d0216631a93699f
1-5	1-5-2	1-5%20WPS%20%E9%95%BF%E6%96%87%E6%A1%A3%E6%8E%92%E7%89%88/step2/.gitkeep	step2/.gitkeep	e3b0c44298fc1c149afbf4c8996fb92427ae41e4649b934ca495991b7852b855
1-5	1-5-2	1-5%20WPS%20%E9%95%BF%E6%96%87%E6%A1%A3%E6%8E%92%E7%89%88/step2/.%E7%B4%A0%E6%9D%90%E4%B8%AD%E5%9B%BD%E5%85%B1%E4%BA%A7%E5%85%9A%E5%85%9A%E5%8F%B2-%E6%96%B0%E6%9C%80%E7%BB%88%E6%95%88%E6%9E%9C.docx	step2/.素材中国共产党党史-新最终效果.docx	a0af14ef2c5f1af079c740260af8a9fd7d3dcc311e2288824d70986b08b2fcd5
1-5	1-5-2	1-5%20WPS%20%E9%95%BF%E6%96%87%E6%A1%A3%E6%8E%92%E7%89%88/step2/%E7%B4%A0%E6%9D%90%E4%B8%AD%E5%9B%BD%E5%85%B1%E4%BA%A7%E5%85%9A%E5%85%9A%E5%8F%B2-%E6%96%B0.docx	step2/素材中国共产党党史-新.docx	a0af14ef2c5f1af079c740260af8a9fd7d3dcc311e2288824d70986b08b2fcd5
1-5	1-5-3	1-5%20WPS%20%E9%95%BF%E6%96%87%E6%A1%A3%E6%8E%92%E7%89%88/step3/.gitkeep	step3/.gitkeep	e3b0c44298fc1c149afbf4c8996fb92427ae41e4649b934ca495991b7852b855
1-5	1-5-3	1-5%20WPS%20%E9%95%BF%E6%96%87%E6%A1%A3%E6%8E%92%E7%89%88/step3/.%E7%B4%A0%E6%9D%90%E4%B8%AD%E5%9B%BD%E5%85%B1%E4%BA%A7%E5%85%9A%E5%85%9A%E5%8F%B2-%E6%96%B0%E6%9C%80%E7%BB%88%E6%95%88%E6%9E%9C.docx	step3/.素材中国共产党党史-新最终效果.docx	5beca1b8220b31aba58c3f079e0284ad38216f417c2b43c6ba632e8ba157acbb
1-5	1-5-3	1-5%20WPS%20%E9%95%BF%E6%96%87%E6%A1%A3%E6%8E%92%E7%89%88/step3/%E7%B4%A0%E6%9D%90%E4%B8%AD%E5%9B%BD%E5%85%B1%E4%BA%A7%E5%85%9A%E5%85%9A%E5%8F%B2-%E6%96%B0.docx	step3/素材中国共产党党史-新.docx	5beca1b8220b31aba58c3f079e0284ad38216f417c2b43c6ba632e8ba157acbb
1-5	1-5-4	1-5%20WPS%20%E9%95%BF%E6%96%87%E6%A1%A3%E6%8E%92%E7%89%88/step4/.gitkeep	step4/.gitkeep	e3b0c44298fc1c149afbf4c8996fb92427ae41e4649b934ca495991b7852b855
1-5	1-5-4	1-5%20WPS%20%E9%95%BF%E6%96%87%E6%A1%A3%E6%8E%92%E7%89%88/step4/.%E7%B4%A0%E6%9D%90%E4%B8%AD%E5%9B%BD%E5%85%B1%E4%BA%A7%E5%85%9A%E5%85%9A%E5%8F%B2-%E6%96%B0%E6%9C%80%E7%BB%88%E6%95%88%E6%9E%9C.docx	step4/.素材中国共产党党史-新最终效果.docx	d6bd7cbef307503081a6ab87f26690c52ca3debda9527772408d41ea56f71bca
1-5	1-5-4	1-5%20WPS%20%E9%95%BF%E6%96%87%E6%A1%A3%E6%8E%92%E7%89%88/step4/%E7%B4%A0%E6%9D%90%E4%B8%AD%E5%9B%BD%E5%85%B1%E4%BA%A7%E5%85%9A%E5%85%9A%E5%8F%B2-%E6%96%B0.docx	step4/素材中国共产党党史-新.docx	d6bd7cbef307503081a6ab87f26690c52ca3debda9527772408d41ea56f71bca
1-5	1-5-5	1-5%20WPS%20%E9%95%BF%E6%96%87%E6%A1%A3%E6%8E%92%E7%89%88/step5/.gitkeep	step5/.gitkeep	e3b0c44298fc1c149afbf4c8996fb92427ae41e4649b934ca495991b7852b855
1-5	1-5-5	1-5%20WPS%20%E9%95%BF%E6%96%87%E6%A1%A3%E6%8E%92%E7%89%88/step5/%E4%B8%AD%E5%9B%BD%E5%85%B1%E4%BA%A7%E5%85%9A%E5%85%9A%E5%8F%B2.docx	step5/中国共产党党史.docx	0703dc24631ce8c80583587d183337256c62380e9a05cdeeaca773c0305f1644
1-5	1-5-6	1-5%20WPS%20%E9%95%BF%E6%96%87%E6%A1%A3%E6%8E%92%E7%89%88/step6/.gitkeep	step6/.gitkeep	e3b0c44298fc1c149afbf4c8996fb92427ae41e4649b934ca495991b7852b855
1-5	1-5-6	1-5%20WPS%20%E9%95%BF%E6%96%87%E6%A1%A3%E6%8E%92%E7%89%88/step6/.%E4%B9%A0%E8%BF%91%E5%B9%B3%E5%90%8C%E5%BF%97%E3%80%8A%E8%AE%BA%E5%85%9A%E7%9A%84%E9%9D%92%E5%B9%B4%E5%B7%A5%E4%BD%9C%E3%80%8B%E4%B8%BB%E8%A6%81%E7%AF%87%E7%9B%AE%E4%BB%8B%E7%BB%8D%E6%9C%80%E7%BB%88%E6%95%88%E6%9E%9C.docx	step6/.习近平同志《论党的青年工作》主要篇目介绍最终效果.docx	8880aaddcf17261e6ece2a23a2ff8b0e1035f83d0223941ec28dc2c149971b25
1-5	1-5-6	1-5%20WPS%20%E9%95%BF%E6%96%87%E6%A1%A3%E6%8E%92%E7%89%88/step6/%E7%B4%A0%E6%9D%90%E4%B9%A0%E8%BF%91%E5%B9%B3%E5%90%8C%E5%BF%97%E3%80%8A%E8%AE%BA%E5%85%9A%E7%9A%84%E9%9D%92%E5%B9%B4%E5%B7%A5%E4%BD%9C%E3%80%8B%E4%B8%BB%E8%A6%81%E7%AF%87%E7%9B%AE%E4%BB%8B%E7%BB%8D.docx	step6/素材习近平同志《论党的青年工作》主要篇目介绍.docx	8880aaddcf17261e6ece2a23a2ff8b0e1035f83d0223941ec28dc2c149971b25
1-6	1-6-1	1-6%20%E5%88%B6%E4%BD%9C%E6%89%B9%E9%87%8F%E5%A4%84%E7%90%86%E6%96%87%E6%A1%A3/4.5.1/%E7%B4%A0%E6%9D%90/%E6%95%B0%E6%8D%AE%E6%BA%90.docx	4.5.1/素材/数据源.docx	7a7db868cda61ba02cd2ea2bd0f80a960f6f3c5a4fe66407ae48a1d37a9989de
1-6	1-6-1	1-6%20%E5%88%B6%E4%BD%9C%E6%89%B9%E9%87%8F%E5%A4%84%E7%90%86%E6%96%87%E6%A1%A3/4.5.1/%E7%B4%A0%E6%9D%90/%E9%82%80%E8%AF%B7%E5%87%BD.docx	4.5.1/素材/邀请函.docx	3a3389e20c63d2c77476ace9599f5d8e22ba1027e3ab3377a7dad0e933076a9c
1-6	1-6-1	1-6%20%E5%88%B6%E4%BD%9C%E6%89%B9%E9%87%8F%E5%A4%84%E7%90%86%E6%96%87%E6%A1%A3/4.5.1/%E7%B4%A0%E6%9D%90/%E9%82%80%E8%AF%B7%E5%87%BD%E5%90%88%E5%B9%B6.docx	4.5.1/素材/邀请函合并.docx	25fc8d8aa0dc7087aed6266d9bdf4abf16d74aa1c7a97a5a45717097b598c9da
1-6	1-6-2	1-6%20%E5%88%B6%E4%BD%9C%E6%89%B9%E9%87%8F%E5%A4%84%E7%90%86%E6%96%87%E6%A1%A3/4.5.2/%E7%B4%A0%E6%9D%90/%E5%87%86%E8%80%83%E8%AF%81.docx	4.5.2/素材/准考证.docx	7fee15db34fee18a8659d99249424023a2e471cc523d194037719e0ce2f695b9
1-6	1-6-2	1-6%20%E5%88%B6%E4%BD%9C%E6%89%B9%E9%87%8F%E5%A4%84%E7%90%86%E6%96%87%E6%A1%A3/4.5.2/%E7%B4%A0%E6%9D%90/%E6%95%B0%E5%AD%A6%E7%AB%9E%E8%B5%9B%E5%87%86%E8%80%83%E8%AF%81%E5%90%88%E5%B9%B6.docx	4.5.2/素材/数学竞赛准考证合并.docx	bb131d94cfbd0607bd82f6de7b002bd47f14dd5378c5d867f1e1518f720d12b0
1-6	1-6-3	1-6%20%E5%88%B6%E4%BD%9C%E6%89%B9%E9%87%8F%E5%A4%84%E7%90%86%E6%96%87%E6%A1%A3/4.5.3/%E6%88%90%E7%BB%A9%E5%8D%95%E5%90%88%E5%B9%B6.docx	4.5.3/成绩单合并.docx	1b83b8c5b0a86c27dce720e975a21d162c9bd4ce49d2c28f328522735877bc03
2-1	2-1-1	2-1%20WPS%20%E8%A1%A8%E6%A0%BC%20%E5%B7%A5%E4%BD%9C%E7%B0%BF%E4%B8%8E%E5%B7%A5%E4%BD%9C%E8%A1%A8%E7%9A%84%E5%9F%BA%E6%9C%AC%E6%93%8D%E4%BD%9C/step1/.gitkeep	step1/.gitkeep	e3b0c44298fc1c149afbf4c8996fb92427ae41e4649b934ca495991b7852b855
2-1	2-1-1	2-1%20WPS%20%E8%A1%A8%E6%A0%BC%20%E5%B7%A5%E4%BD%9C%E7%B0%BF%E4%B8%8E%E5%B7%A5%E4%BD%9C%E8%A1%A8%E7%9A%84%E5%9F%BA%E6%9C%AC%E6%93%8D%E4%BD%9C/step1/%E5%B7%A5%E4%BD%9C%E7%B0%BF1.xlsx	step1/工作簿1.xlsx	fa55db4ae49912d55cab9bb2bc2eeffecc923c97743c8a8c070919c1ca8ebb5a
2-1	2-1-2	2-1%20WPS%20%E8%A1%A8%E6%A0%BC%20%E5%B7%A5%E4%BD%9C%E7%B0%BF%E4%B8%8E%E5%B7%A5%E4%BD%9C%E8%A1%A8%E7%9A%84%E5%9F%BA%E6%9C%AC%E6%93%8D%E4%BD%9C/step2/.gitkeep	step2/.gitkeep	e3b0c44298fc1c149afbf4c8996fb92427ae41e4649b934ca495991b7852b855
2-1	2-1-2	2-1%20WPS%20%E8%A1%A8%E6%A0%BC%20%E5%B7%A5%E4%BD%9C%E7%B0%BF%E4%B8%8E%E5%B7%A5%E4%BD%9C%E8%A1%A8%E7%9A%84%E5%9F%BA%E6%9C%AC%E6%93%8D%E4%BD%9C/step2/%E6%8F%92%E5%85%A5%E5%8F%8A%E5%88%A0%E9%99%A4%E5%B7%A5%E4%BD%9C%E8%A1%A8.xlsx	step2/插入及删除工作表.xlsx	ce2a32cc578c5f9dee4ce9000dcb43010a01595b6fdddeffaa53909513d00500
2-1	2-1-3	2-1%20WPS%20%E8%A1%A8%E6%A0%BC%20%E5%B7%A5%E4%BD%9C%E7%B0%BF%E4%B8%8E%E5%B7%A5%E4%BD%9C%E8%A1%A8%E7%9A%84%E5%9F%BA%E6%9C%AC%E6%93%8D%E4%BD%9C/step5/.gitkeep	step5/.gitkeep	e3b0c44298fc1c149afbf4c8996fb92427ae41e4649b934ca495991b7852b855
2-1	2-1-3	2-1%20WPS%20%E8%A1%A8%E6%A0%BC%20%E5%B7%A5%E4%BD%9C%E7%B0%BF%E4%B8%8E%E5%B7%A5%E4%BD%9C%E8%A1%A8%E7%9A%84%E5%9F%BA%E6%9C%AC%E6%93%8D%E4%BD%9C/step5/%E7%A7%BB%E5%8A%A8%E4%B8%8E%E5%A4%8D%E5%88%B6%E5%B7%A5%E4%BD%9C%E8%A1%A8.xlsx	step5/移动与复制工作表.xlsx	06183ac8b7b87f74b36159fc2425a56b293c6320f77ef2ecf363b8f9c5753ffd
2-1	2-1-4	2-1%20WPS%20%E8%A1%A8%E6%A0%BC%20%E5%B7%A5%E4%BD%9C%E7%B0%BF%E4%B8%8E%E5%B7%A5%E4%BD%9C%E8%A1%A8%E7%9A%84%E5%9F%BA%E6%9C%AC%E6%93%8D%E4%BD%9C/step6/.gitkeep	step6/.gitkeep	e3b0c44298fc1c149afbf4c8996fb92427ae41e4649b934ca495991b7852b855
2-1	2-1-4	2-1%20WPS%20%E8%A1%A8%E6%A0%BC%20%E5%B7%A5%E4%BD%9C%E7%B0%BF%E4%B8%8E%E5%B7%A5%E4%BD%9C%E8%A1%A8%E7%9A%84%E5%9F%BA%E6%9C%AC%E6%93%8D%E4%BD%9C/step6/%E5%B7%A5%E4%BD%9C%E8%A1%A8%E6%A0%87%E7%AD%BE%E8%AE%BE%E7%BD%AE.xlsx	step6/工作表标签设置.xlsx	b6cfd7e8b4941e594bbefe9d9efeedcdeafea35f37e40afa5ad184b2341bbb95
2-10	-	2-10%20%E5%AE%9E%E9%AA%8C%E5%85%AD%20WPS%20%E8%A1%A8%E6%A0%BC%20%E5%9F%BA%E6%9C%AC%E6%93%8D%E4%BD%9C%E7%BB%BC%E5%90%88%E5%AE%9E%E8%B7%B5/step10.xlsx	step10.xlsx	d36f4726fb49215ae7485302aaf737aef9af57ed3093dcca1f48e61150b4b261
2-11	2-11-1	2-11%20%E5%AE%9E%E9%AA%8C%E5%8D%81%20WPS%20%E8%A1%A8%E6%A0%BC%20%E7%94%A8%E6%95%B0%E6%8D%AE%E9%80%8F%E8%A7%86%E8%A1%A8%E5%8A%A8%E6%80%81%E5%88%86%E6%9E%90%E6%95%B0%E6%8D%AE/step1/%E5%88%9B%E5%BB%BA%E6%95%B0%E6%8D%AE%E9%80%8F%E8%A7%86%E8%A1%A8.xlsx	step1/创建数据透视表.xlsx	75d719b479e9cabf0f2d14c8eb469acccfe32cab146fd1934707e081c33d68e4
2-11	2-11-2	2-11%20%E5%AE%9E%E9%AA%8C%E5%8D%81%20WPS%20%E8%A1%A8%E6%A0%BC%20%E7%94%A8%E6%95%B0%E6%8D%AE%E9%80%8F%E8%A7%86%E8%A1%A8%E5%8A%A8%E6%80%81%E5%88%86%E6%9E%90%E6%95%B0%E6%8D%AE/step2/%E8%AE%BE%E7%BD%AE%E6%95%B0%E6%8D%AE%E9%80%8F%E8%A7%86%E8%A1%A8%E5%AD%97%E6%AE%B5.xlsx	step2/设置数据透视表字段.xlsx	85cad98d661a0b3bc7507ea17225b66679ddfba786977ff0cc57726a7de3be7c
2-11	2-11-3	2-11%20%E5%AE%9E%E9%AA%8C%E5%8D%81%20WPS%20%E8%A1%A8%E6%A0%BC%20%E7%94%A8%E6%95%B0%E6%8D%AE%E9%80%8F%E8%A7%86%E8%A1%A8%E5%8A%A8%E6%80%81%E5%88%86%E6%9E%90%E6%95%B0%E6%8D%AE/step3/%E7%BE%8E%E5%8C%96%E6%95%B0%E6%8D%AE%E9%80%8F%E8%A7%86%E8%A1%A8.xlsx	step3/美化数据透视表.xlsx	898905d8da127de64a781c5cd04b9d29bea6563326cd9fa5cf47eff05f0aedba
2-11	2-11-4	2-11%20%E5%AE%9E%E9%AA%8C%E5%8D%81%20WPS%20%E8%A1%A8%E6%A0%BC%20%E7%94%A8%E6%95%B0%E6%8D%AE%E9%80%8F%E8%A7%86%E8%A1%A8%E5%8A%A8%E6%80%81%E5%88%86%E6%9E%90%E6%95%B0%E6%8D%AE/step4/%E5%9C%A8%E6%95%B0%E6%8D%AE%E9%80%8F%E8%A7%86%E8%A1%A8%E4%B8%AD%E6%89%A7%E8%A1%8C%E7%AD%9B%E9%80%89.xlsx	step4/在数据透视表中执行筛选.xlsx	627a844ce991e8060d283158db36d2e619f44e8f8af2217638f0ca9dd9aafa29
2-12	-	2-12%20%E5%AE%9E%E9%AA%8C%E5%8D%81%20WPS%20%E8%A1%A8%E6%A0%BC%20%E5%9B%BE%E8%A1%A8%E7%BB%BC%E5%90%88%E5%AE%9E%E8%B7%B5/%E6%A1%88%E4%BE%8B%EF%BC%9A%E8%B4%A2%E5%8A%A1%E9%A2%84%E7%AE%97%E4%B8%8E%E6%94%AF%E5%87%BA%E6%98%8E%E7%BB%86%E5%9B%BE%E8%A1%A8.xlsx	案例：财务预算与支出明细图表.xlsx	9e14fb60eed6a2783c55b7ff8ebb0122516b6845d3cd3cc0c237248b0bfff326
2-13	2-13-1	2-13%20WPS%20%E8%A1%A8%E6%A0%BC%20%E6%95%B0%E6%8D%AE%E7%9A%84%E6%8E%92%E5%BA%8F/project1/%E7%AE%80%E5%8D%95%E6%8E%92%E5%BA%8F.xlsx	project1/简单排序.xlsx	180d255a30b77bee0666f962a78a9c9c614a1f6fb827df926b51bbb37ae71269
2-13	2-13-2	2-13%20WPS%20%E8%A1%A8%E6%A0%BC%20%E6%95%B0%E6%8D%AE%E7%9A%84%E6%8E%92%E5%BA%8F/project2/%E5%A4%8D%E6%9D%82%E6%8E%92%E5%BA%8F.xlsx	project2/复杂排序.xlsx	78184c0d6393750bacf65d77929b60428cd47365bb812866f1e13ec241283380
2-13	2-13-3	2-13%20WPS%20%E8%A1%A8%E6%A0%BC%20%E6%95%B0%E6%8D%AE%E7%9A%84%E6%8E%92%E5%BA%8F/project3/%E6%8C%89%E7%AC%94%E7%94%BB%E6%8E%92%E5%BA%8F.xlsx	project3/按笔画排序.xlsx	e589f63b1d8fd995227f3a4107652200b84902d3889880a65ddb642be4ad0648
2-13	2-13-4	2-13%20WPS%20%E8%A1%A8%E6%A0%BC%20%E6%95%B0%E6%8D%AE%E7%9A%84%E6%8E%92%E5%BA%8F/project4/%E6%8C%89%E9%A2%9C%E8%89%B2%E6%8E%92%E5%BA%8F.xlsx	project4/按颜色排序.xlsx	b457479f60f0994f31596b5b3ab0d302c9c520fca140f75c1ffcf8f8953a10b6
2-14	2-14-1	2-14%20WPS%20%E8%A1%A8%E6%A0%BC%20%E6%95%B0%E6%8D%AE%E7%9A%84%E7%AD%9B%E9%80%89/project1/%E6%95%B0%E5%80%BC%E7%AD%9B%E9%80%89.xlsx	project1/数值筛选.xlsx	338eee7d5d05c1b55fc82657d858cc94f96a08c6d7f43d93a455d00a1b463670
2-14	2-14-2	2-14%20WPS%20%E8%A1%A8%E6%A0%BC%20%E6%95%B0%E6%8D%AE%E7%9A%84%E7%AD%9B%E9%80%89/project2/%E7%AD%9B%E9%80%89%E6%96%87%E6%9C%AC.xlsx	project2/筛选文本.xlsx	e1033b81202c3e943cc94b61344267e92100ab7cb04b02c30ff281876d2bd92e
2-14	2-14-3	2-14%20WPS%20%E8%A1%A8%E6%A0%BC%20%E6%95%B0%E6%8D%AE%E7%9A%84%E7%AD%9B%E9%80%89/project3/%E6%97%A5%E6%9C%9F%E7%AD%9B%E9%80%89.xlsx	project3/日期筛选.xlsx	f7f19f1d32c64b1d375c2c8518702115f92dbf02097bc15608c946ae5dc1508e
2-14	2-14-4	2-14%20WPS%20%E8%A1%A8%E6%A0%BC%20%E6%95%B0%E6%8D%AE%E7%9A%84%E7%AD%9B%E9%80%89/project4/%E9%AB%98%E7%BA%A7%E7%AD%9B%E9%80%89.xlsx	project4/高级筛选.xlsx	516ddd1b1edaf67d3ea98edf36a109ef065c1556a5d6af6b0415bd7f341ee16b
2-15	2-15-1	2-15%20%E5%AE%9E%E9%AA%8C%E4%B8%83%20WPS%20%E8%A1%A8%E6%A0%BC%20%E7%94%A8%E9%A2%9C%E8%89%B2%E6%88%96%E5%9B%BE%E6%A0%87%E7%9B%B4%E8%A7%82%E5%B1%95%E7%A4%BA%E6%95%B0%E6%8D%AE/project1/%E7%AA%81%E5%87%BA%E6%98%BE%E7%A4%BA%E9%87%8D%E8%A6%81%E5%80%BC.xlsx	project1/突出显示重要值.xlsx	64855547eb9a418fe2acb136929175314728ea582e7ae5240cdd01f7bf03e8fd
2-15	2-15-2	2-15%20%E5%AE%9E%E9%AA%8C%E4%B8%83%20WPS%20%E8%A1%A8%E6%A0%BC%20%E7%94%A8%E9%A2%9C%E8%89%B2%E6%88%96%E5%9B%BE%E6%A0%87%E7%9B%B4%E8%A7%82%E5%B1%95%E7%A4%BA%E6%95%B0%E6%8D%AE/project2/%E6%95%B0%E6%8D%AE%E6%9D%A1%E7%9A%84%E5%BA%94%E7%94%A8.xlsx	project2/数据条的应用.xlsx	e7d997d377e87d2a44af7524f19c1dcecb0a5d8ebf7eb4e2a026a11ea539a171
2-15	2-15-3	2-15%20%E5%AE%9E%E9%AA%8C%E4%B8%83%20WPS%20%E8%A1%A8%E6%A0%BC%20%E7%94%A8%E9%A2%9C%E8%89%B2%E6%88%96%E5%9B%BE%E6%A0%87%E7%9B%B4%E8%A7%82%E5%B1%95%E7%A4%BA%E6%95%B0%E6%8D%AE/project3/%E8%89%B2%E9%98%B6%E5%92%8C%E5%9B%BE%E6%A0%87%E9%9B%86%E7%9A%84%E5%BA%94%E7%94%A8.xlsx	project3/色阶和图标集的应用.xlsx	e1c3b7fb50dce3514c823444af4276c1e919e05061c99d565941bc397653c8d5
2-15	2-15-4	2-15%20%E5%AE%9E%E9%AA%8C%E4%B8%83%20WPS%20%E8%A1%A8%E6%A0%BC%20%E7%94%A8%E9%A2%9C%E8%89%B2%E6%88%96%E5%9B%BE%E6%A0%87%E7%9B%B4%E8%A7%82%E5%B1%95%E7%A4%BA%E6%95%B0%E6%8D%AE/project4/%E7%AE%A1%E7%90%86%E6%9D%A1%E4%BB%B6%E6%A0%BC%E5%BC%8F%E8%A7%84%E5%88%99.xlsx	project4/管理条件格式规则.xlsx	b4e3f8df16ae38220df46621017d6acc5fc591444bebe6998fb8f6cc868b5e96
2-16	2-16-1	2-16%20%E5%AE%9E%E9%AA%8C%E4%B8%83%20WPS%20%E8%A1%A8%E6%A0%BC%20%E6%95%B0%E6%8D%AE%E7%9A%84%E5%88%86%E7%B1%BB%E6%B1%87%E6%80%BB/project1/%E5%8D%95%E9%A1%B9%E5%88%86%E7%B1%BB%E6%B1%87%E6%80%BB.xlsx	project1/单项分类汇总.xlsx	7a9bac8cffc094ae6b3a6d18d4dcbb6691afc937964daef4fe2a2c2065665efe
2-16	2-16-2	2-16%20%E5%AE%9E%E9%AA%8C%E4%B8%83%20WPS%20%E8%A1%A8%E6%A0%BC%20%E6%95%B0%E6%8D%AE%E7%9A%84%E5%88%86%E7%B1%BB%E6%B1%87%E6%80%BB/project2/%E5%B5%8C%E5%A5%97%E5%88%86%E7%B1%BB%E6%B1%87%E6%80%BB.xlsx	project2/嵌套分类汇总.xlsx	16b0569314c4de07af5fceda8423a2a9afb4ec7b7825f55d6e93bb3b3e172e40
2-17	-	2-17%20%E5%AE%9E%E9%AA%8C%E4%B8%83%20WPS%20%E8%A1%A8%E6%A0%BC%20%E6%95%B0%E6%8D%AE%E5%88%86%E6%9E%90%E7%BB%BC%E5%90%88%E5%AE%9E%E8%B7%B5/%E5%88%86%E6%9E%90%E6%AF%8F%E6%9C%88%E5%AE%B6%E5%BA%AD%E6%B6%88%E8%B4%B9%E6%98%8E%E7%BB%86%E8%A1%A8.xlsx	分析每月家庭消费明细表.xlsx	57d1389fd241c004cee9a6f05f9a1944432a3a0ffdf752f3d93027400b83628b
2-18	2-18-1	2-18%20%E5%AE%9E%E9%AA%8C%E5%85%AB%20WPS%20%E8%A1%A8%E6%A0%BC%20%E7%86%9F%E6%82%89%E5%85%AC%E5%BC%8F/step1/%E8%BE%93%E5%85%A5%E5%92%8C%E7%BC%96%E8%BE%91%E5%85%AC%E5%BC%8F.xlsx	step1/输入和编辑公式.xlsx	1e7ece7ca560b12378219b115613e3b6acfdc3e2a273e78074f7d8e5c10e1608
2-18	2-18-2	2-18%20%E5%AE%9E%E9%AA%8C%E5%85%AB%20WPS%20%E8%A1%A8%E6%A0%BC%20%E7%86%9F%E6%82%89%E5%85%AC%E5%BC%8F/step2/%E5%8D%95%E5%85%83%E6%A0%BC%E7%9A%84%E5%BC%95%E7%94%A8%E5%BD%A2%E5%BC%8F.xlsx	step2/单元格的引用形式.xlsx	09d3cc5b8c3271a691d61364c2860069588a3173f889c5a3be548c00aa7e65fc
2-19	2-19-1	2-19%20%E5%AE%9E%E9%AA%8C%E5%85%AB%20WPS%20%E8%A1%A8%E6%A0%BC%20%E8%AE%A4%E8%AF%86%E5%87%BD%E6%95%B0/step1/%E5%87%BD%E6%95%B0%E7%9A%84%E8%BE%93%E5%85%A5%E6%96%B9%E6%B3%95.xlsx	step1/函数的输入方法.xlsx	a050821d5a81f360217ccd90bfeab904b3240691cf89356b92180c8ad526c42a
2-19	2-19-2	2-19%20%E5%AE%9E%E9%AA%8C%E5%85%AB%20WPS%20%E8%A1%A8%E6%A0%BC%20%E8%AE%A4%E8%AF%86%E5%87%BD%E6%95%B0/step2/%E8%87%AA%E5%8A%A8%E8%AE%A1%E7%AE%97.xlsx	step2/自动计算.xlsx	0aa741b846c672e5be3f540d27cff894c92d440b41dc3c269c988122c7bb5c6b
2-2	2-2-1	2-2%20%E5%AE%9E%E9%AA%8C%E5%85%AD%20WPS%20%E8%A1%A8%E6%A0%BC%20%E8%AE%BE%E7%BD%AE%E8%A1%8C%E5%88%97%E5%92%8C%E5%8D%95%E5%85%83%E6%A0%BC/%E7%B4%A0%E6%9D%90/%E5%90%88%E5%B9%B6%E4%B8%8E%E6%8B%86%E5%88%86%E5%8D%95%E5%85%83%E6%A0%BC.xlsx	素材/合并与拆分单元格.xlsx	4141e4cc8db24a8ca03e0869c1c6672e5369978661007d7faf122cab5516364e
2-2	2-2-1	2-2%20%E5%AE%9E%E9%AA%8C%E5%85%AD%20WPS%20%E8%A1%A8%E6%A0%BC%20%E8%AE%BE%E7%BD%AE%E8%A1%8C%E5%88%97%E5%92%8C%E5%8D%95%E5%85%83%E6%A0%BC/%E7%B4%A0%E6%9D%90/%E6%8F%92%E5%85%A5%E6%88%96%E5%88%A0%E9%99%A4%E8%A1%8C%E5%88%97.xlsx	素材/插入或删除行列.xlsx	d2301072be68ad969ef8b82a1ea4e3199f759c2d37bacc4ec6242c490d3530ac
2-20	2-20-1	2-20%20%E5%AE%9E%E9%AA%8C%E5%85%AB%20WPS%20%E8%A1%A8%E6%A0%BC%20%E5%B8%B8%E7%94%A8%E5%87%BD%E6%95%B01%EF%BC%88%E6%B1%82%E5%92%8C%E3%80%81%E7%BB%9F%E8%AE%A1%E5%87%BD%E6%95%B0%EF%BC%89/step1/%E6%B1%82%E5%92%8C%E5%87%BD%E6%95%B0.xlsx	step1/求和函数.xlsx	51aa96103481d860e6f2d6b35498f53e3591a05f84d32e28033de6cd94b72333
2-20	2-20-2	2-20%20%E5%AE%9E%E9%AA%8C%E5%85%AB%20WPS%20%E8%A1%A8%E6%A0%BC%20%E5%B8%B8%E7%94%A8%E5%87%BD%E6%95%B01%EF%BC%88%E6%B1%82%E5%92%8C%E3%80%81%E7%BB%9F%E8%AE%A1%E5%87%BD%E6%95%B0%EF%BC%89/step2/AVERAGE%E5%87%BD%E6%95%B0.xlsx	step2/AVERAGE函数.xlsx	bab6d28dd45336b737e84708345e0d0e20d98bc6912e349288743a8f4d7beecd
2-20	2-20-3	2-20%20%E5%AE%9E%E9%AA%8C%E5%85%AB%20WPS%20%E8%A1%A8%E6%A0%BC%20%E5%B8%B8%E7%94%A8%E5%87%BD%E6%95%B01%EF%BC%88%E6%B1%82%E5%92%8C%E3%80%81%E7%BB%9F%E8%AE%A1%E5%87%BD%E6%95%B0%EF%BC%89/step3/AVERAGEIF%E5%87%BD%E6%95%B0.xlsx	step3/AVERAGEIF函数.xlsx	d9651b217b07495645403f9b4b5f10febfab4ef8b1ed8a7e3899f910d23cb59e
2-20	2-20-4	2-20%20%E5%AE%9E%E9%AA%8C%E5%85%AB%20WPS%20%E8%A1%A8%E6%A0%BC%20%E5%B8%B8%E7%94%A8%E5%87%BD%E6%95%B01%EF%BC%88%E6%B1%82%E5%92%8C%E3%80%81%E7%BB%9F%E8%AE%A1%E5%87%BD%E6%95%B0%EF%BC%89/step4/COUNT%E5%87%BD%E6%95%B0.xlsx	step4/COUNT函数.xlsx	3fe5d7f4173ce3618b3dcb7cc5f09440a6c21703663a398fb6a11e0934491055
2-20	2-20-5	2-20%20%E5%AE%9E%E9%AA%8C%E5%85%AB%20WPS%20%E8%A1%A8%E6%A0%BC%20%E5%B8%B8%E7%94%A8%E5%87%BD%E6%95%B01%EF%BC%88%E6%B1%82%E5%92%8C%E3%80%81%E7%BB%9F%E8%AE%A1%E5%87%BD%E6%95%B0%EF%BC%89/step5/COUNTIF%E5%87%BD%E6%95%B0.xlsx	step5/COUNTIF函数.xlsx	03b126916d4712f592ccc53f07763f9607f7bfeb4f5ac6ebb26e12cb7c4fde57
2-20	2-20-6	2-20%20%E5%AE%9E%E9%AA%8C%E5%85%AB%20WPS%20%E8%A1%A8%E6%A0%BC%20%E5%B8%B8%E7%94%A8%E5%87%BD%E6%95%B01%EF%BC%88%E6%B1%82%E5%92%8C%E3%80%81%E7%BB%9F%E8%AE%A1%E5%87%BD%E6%95%B0%EF%BC%89/step6/MAX%E5%92%8CMIN%E5%87%BD%E6%95%B0.xlsx	step6/MAX和MIN函数.xlsx	6fc8146fd390b486b30d66c757edbfde02cc296eea2acebf2fde0b8009396292
2-20	2-20-7	2-20%20%E5%AE%9E%E9%AA%8C%E5%85%AB%20WPS%20%E8%A1%A8%E6%A0%BC%20%E5%B8%B8%E7%94%A8%E5%87%BD%E6%95%B01%EF%BC%88%E6%B1%82%E5%92%8C%E3%80%81%E7%BB%9F%E8%AE%A1%E5%87%BD%E6%95%B0%EF%BC%89/step7/RANK%E5%87%BD%E6%95%B0.xlsx	step7/RANK函数.xlsx	59cee5048c7222c63e7f1cf8f6d53265574405d5f5cfeb546e0839a838ea54f4
2-21	2-21-1	2-21%20%E5%AE%9E%E9%AA%8C%E4%B9%9D%20WPS%20%E8%A1%A8%E6%A0%BC%20%E5%B8%B8%E7%94%A8%E5%87%BD%E6%95%B02%EF%BC%88%E6%9F%A5%E6%89%BE%E4%B8%8E%E5%BA%94%E7%94%A8%E3%80%81%E9%80%BB%E8%BE%91%E3%80%81%E6%97%A5%E6%9C%9F%E5%92%8C%E6%97%B6%E9%97%B4%E5%87%BD%E6%95%B0%EF%BC%89/step1/VLOOKUP%20%E5%87%BD%E6%95%B0.xlsx	step1/VLOOKUP 函数.xlsx	1c6f782fb189950da6d5b687448970490462e65b4e81af09d9e171e5f90f7b8f
2-21	2-21-2	2-21%20%E5%AE%9E%E9%AA%8C%E4%B9%9D%20WPS%20%E8%A1%A8%E6%A0%BC%20%E5%B8%B8%E7%94%A8%E5%87%BD%E6%95%B02%EF%BC%88%E6%9F%A5%E6%89%BE%E4%B8%8E%E5%BA%94%E7%94%A8%E3%80%81%E9%80%BB%E8%BE%91%E3%80%81%E6%97%A5%E6%9C%9F%E5%92%8C%E6%97%B6%E9%97%B4%E5%87%BD%E6%95%B0%EF%BC%89/step2/MATCH%E5%87%BD%E6%95%B0.xlsx	step2/MATCH函数.xlsx	3c045b044a91f5dfc6d195f307b0c6c3c43c05923ee5d91593009d57be2feffe
2-21	2-21-3	2-21%20%E5%AE%9E%E9%AA%8C%E4%B9%9D%20WPS%20%E8%A1%A8%E6%A0%BC%20%E5%B8%B8%E7%94%A8%E5%87%BD%E6%95%B02%EF%BC%88%E6%9F%A5%E6%89%BE%E4%B8%8E%E5%BA%94%E7%94%A8%E3%80%81%E9%80%BB%E8%BE%91%E3%80%81%E6%97%A5%E6%9C%9F%E5%92%8C%E6%97%B6%E9%97%B4%E5%87%BD%E6%95%B0%EF%BC%89/step3/IF%E5%87%BD%E6%95%B0.xlsx	step3/IF函数.xlsx	85112dff8408b77f929c5dd4d288503d539ff666cfdeace33f78b0aa6852e432
2-21	2-21-4	2-21%20%E5%AE%9E%E9%AA%8C%E4%B9%9D%20WPS%20%E8%A1%A8%E6%A0%BC%20%E5%B8%B8%E7%94%A8%E5%87%BD%E6%95%B02%EF%BC%88%E6%9F%A5%E6%89%BE%E4%B8%8E%E5%BA%94%E7%94%A8%E3%80%81%E9%80%BB%E8%BE%91%E3%80%81%E6%97%A5%E6%9C%9F%E5%92%8C%E6%97%B6%E9%97%B4%E5%87%BD%E6%95%B0%EF%BC%89/step4/AND%E5%87%BD%E6%95%B0.xlsx	step4/AND函数.xlsx	cdd61414b35809c131d8dcc4068f1226c1e73318f4bf2790b80cb4d1850ca297
2-21	2-21-5	2-21%20%E5%AE%9E%E9%AA%8C%E4%B9%9D%20WPS%20%E8%A1%A8%E6%A0%BC%20%E5%B8%B8%E7%94%A8%E5%87%BD%E6%95%B02%EF%BC%88%E6%9F%A5%E6%89%BE%E4%B8%8E%E5%BA%94%E7%94%A8%E3%80%81%E9%80%BB%E8%BE%91%E3%80%81%E6%97%A5%E6%9C%9F%E5%92%8C%E6%97%B6%E9%97%B4%E5%87%BD%E6%95%B0%EF%BC%89/step5/OR%E5%87%BD%E6%95%B0.xlsx	step5/OR函数.xlsx	da01624dbe4261356c07446042d0ef644d3cb105974b19c693feb821a5b8e9c6
2-21	2-21-6	2-21%20%E5%AE%9E%E9%AA%8C%E4%B9%9D%20WPS%20%E8%A1%A8%E6%A0%BC%20%E5%B8%B8%E7%94%A8%E5%87%BD%E6%95%B02%EF%BC%88%E6%9F%A5%E6%89%BE%E4%B8%8E%E5%BA%94%E7%94%A8%E3%80%81%E9%80%BB%E8%BE%91%E3%80%81%E6%97%A5%E6%9C%9F%E5%92%8C%E6%97%B6%E9%97%B4%E5%87%BD%E6%95%B0%EF%BC%89/step6/TODAY%E5%92%8CNOW%E5%87%BD%E6%95%B0.xlsx	step6/TODAY和NOW函数.xlsx	d9c99108890beee5f93cacdf3629537bc151ff9dc398cbcad0f7eb4b38413ee9
2-21	2-21-7	2-21%20%E5%AE%9E%E9%AA%8C%E4%B9%9D%20WPS%20%E8%A1%A8%E6%A0%BC%20%E5%B8%B8%E7%94%A8%E5%87%BD%E6%95%B02%EF%BC%88%E6%9F%A5%E6%89%BE%E4%B8%8E%E5%BA%94%E7%94%A8%E3%80%81%E9%80%BB%E8%BE%91%E3%80%81%E6%97%A5%E6%9C%9F%E5%92%8C%E6%97%B6%E9%97%B4%E5%87%BD%E6%95%B0%EF%BC%89/step7/YEAR%E5%87%BD%E6%95%B0.xlsx	step7/YEAR函数.xlsx	436d7821b87d689b5f452e70d12c9146f187da9b9843e5129e3a84ef988d7d20
2-22	2-22-1	2-22%20%E5%AE%9E%E9%AA%8C%E5%85%AB%20WPS%20%E8%A1%A8%E6%A0%BC%20%E5%85%AC%E5%BC%8F%E4%B8%8E%E5%87%BD%E6%95%B0%E7%BB%BC%E5%90%88%E5%AE%9E%E8%B7%B5-1/step3/%E5%88%86%E6%9E%90%E6%AF%8F%E6%9C%88%E5%AE%B6%E5%BA%AD%E6%B6%88%E8%B4%B9%E6%98%8E%E7%BB%86%E8%A1%A8.xlsx	step3/分析每月家庭消费明细表.xlsx	0a6f095d30bf0bcdc17237a02eea888008006af90988e4178004b46d8a66d5ee
2-23	2-23-1	2-23%20%E5%AE%9E%E9%AA%8C%E4%B9%9D%20WPS%20%E8%A1%A8%E6%A0%BC%20%E5%85%AC%E5%BC%8F%E4%B8%8E%E5%87%BD%E6%95%B0%E7%BB%BC%E5%90%88%E5%AE%9E%E8%B7%B5-2/step1/%E6%A1%88%E4%BE%8B1%EF%BC%9A%E5%88%B6%E4%BD%9C%E6%B7%98%E5%AE%9D%E5%BA%97%E9%93%BA%E9%94%80%E5%94%AE%E6%8A%A5%E8%A1%A8.xlsx	step1/案例1：制作淘宝店铺销售报表.xlsx	ac5b5efb9d53a0162f25f11e62dbc20bcd79fa770601d34dd2efd3c8125ad908
2-23	2-23-2	2-23%20%E5%AE%9E%E9%AA%8C%E4%B9%9D%20WPS%20%E8%A1%A8%E6%A0%BC%20%E5%85%AC%E5%BC%8F%E4%B8%8E%E5%87%BD%E6%95%B0%E7%BB%BC%E5%90%88%E5%AE%9E%E8%B7%B5-2/step2/%E6%A1%88%E4%BE%8B2%EF%BC%9A%E5%88%B6%E4%BD%9C%E5%91%98%E5%B7%A5%E5%B7%A5%E8%B5%84%E8%A1%A8.xlsx	step2/案例2：制作员工工资表.xlsx	63611f85918070a0951897a0e0ce1f70c9bd1e1f7c37407a4430a5391de73a6e
2-3	2-3-1	2-3%20%E5%AE%9E%E9%AA%8C%E5%85%AD%20WPS%20%E8%A1%A8%E6%A0%BC%20%E5%BD%95%E5%85%A5%E6%95%B0%E6%8D%AE/src/%E5%A1%AB%E5%85%85%E6%95%B0%E6%8D%AE.xlsx	src/填充数据.xlsx	89d652f8e5a852976c384a638394e094e2c3ae0c696449dd177d76a0ec2ecb56
2-3	2-3-1	2-3%20%E5%AE%9E%E9%AA%8C%E5%85%AD%20WPS%20%E8%A1%A8%E6%A0%BC%20%E5%BD%95%E5%85%A5%E6%95%B0%E6%8D%AE/src/%E5%BD%95%E5%85%A5%E6%95%B0%E5%80%BC%E5%9E%8B%E6%95%B0%E6%8D%AE.xlsx	src/录入数值型数据.xlsx	588266b1419e36da4877f10c58de3db9b94a780420018cb26c2f3c465073d575
2-3	2-3-1	2-3%20%E5%AE%9E%E9%AA%8C%E5%85%AD%20WPS%20%E8%A1%A8%E6%A0%BC%20%E5%BD%95%E5%85%A5%E6%95%B0%E6%8D%AE/src/%E5%BD%95%E5%85%A5%E6%96%87%E6%9C%AC%E5%9E%8B%E6%95%B0%E6%8D%AE.xlsx	src/录入文本型数据.xlsx	6cf9ec2406a3742b7d4f71a5f5703717cc4a2cd06c5a3c497443df0b4f3aeed3
2-3	2-3-1	2-3%20%E5%AE%9E%E9%AA%8C%E5%85%AD%20WPS%20%E8%A1%A8%E6%A0%BC%20%E5%BD%95%E5%85%A5%E6%95%B0%E6%8D%AE/src/%E5%BD%95%E5%85%A5%E6%97%A5%E6%9C%9F%E5%9E%8B%E6%95%B0%E6%8D%AE.xlsx	src/录入日期型数据.xlsx	72668fe4fd626ed08285f42624f018b00092a0d5825afa74f49ed2e202eb6d43
2-3	2-3-1	2-3%20%E5%AE%9E%E9%AA%8C%E5%85%AD%20WPS%20%E8%A1%A8%E6%A0%BC%20%E5%BD%95%E5%85%A5%E6%95%B0%E6%8D%AE/src/%E9%99%90%E5%88%B6%E6%95%B0%E6%8D%AE%E5%BD%95%E5%85%A5%E8%8C%83%E5%9B%B4.xlsx	src/限制数据录入范围.xlsx	eb155f8d9c46fa7f3b884dfcfc79ebcc264f52ef490b2138c40ac8a1b5e62384
2-4	2-4-1	2-4%20%E5%AE%9E%E9%AA%8C%E5%85%AD%20WPS%20%E8%A1%A8%E6%A0%BC%20%E7%BE%8E%E5%8C%96%E6%95%B0%E6%8D%AE%E8%A1%A8/step1/step1.xlsx	step1/step1.xlsx	4f20eb56b405b49e3ca4c32ae85b91598492282e3021a3ce8fdd8733652e2ff5
2-5	2-5-1	2-5%20%E5%AE%9E%E9%AA%8C%E5%8D%81%20WPS%20%E8%A1%A8%E6%A0%BC%20%E7%94%A8%E5%9B%BE%E8%A1%A8%E7%9B%B4%E8%A7%82%E5%B1%95%E7%A4%BA%E6%95%B0%E6%8D%AE/step1/%E5%88%9B%E5%BB%BA%E5%9B%BE%E8%A1%A8.xlsx	step1/创建图表.xlsx	b455e6f3d07c20be6d6d66dcf23461d14fb1878b3fe18d63b4510d6bcbf77d47
2-5	2-5-2	2-5%20%E5%AE%9E%E9%AA%8C%E5%8D%81%20WPS%20%E8%A1%A8%E6%A0%BC%20%E7%94%A8%E5%9B%BE%E8%A1%A8%E7%9B%B4%E8%A7%82%E5%B1%95%E7%A4%BA%E6%95%B0%E6%8D%AE/step2/.gitkeep	step2/.gitkeep	e3b0c44298fc1c149afbf4c8996fb92427ae41e4649b934ca495991b7852b855
2-5	2-5-2	2-5%20%E5%AE%9E%E9%AA%8C%E5%8D%81%20WPS%20%E8%A1%A8%E6%A0%BC%20%E7%94%A8%E5%9B%BE%E8%A1%A8%E7%9B%B4%E8%A7%82%E5%B1%95%E7%A4%BA%E6%95%B0%E6%8D%AE/step2/%E8%B0%83%E6%95%B4%E5%9B%BE%E8%A1%A8%E5%A4%A7%E5%B0%8F%E5%92%8C%E4%BD%8D%E7%BD%AE.xlsx	step2/调整图表大小和位置.xlsx	3d0e2b560f9a081c9da3c8dd56cb77363512b99153a7fd5835dada9aa9893212
2-5	2-5-3	2-5%20%E5%AE%9E%E9%AA%8C%E5%8D%81%20WPS%20%E8%A1%A8%E6%A0%BC%20%E7%94%A8%E5%9B%BE%E8%A1%A8%E7%9B%B4%E8%A7%82%E5%B1%95%E7%A4%BA%E6%95%B0%E6%8D%AE/step3/%E6%9B%B4%E6%94%B9%E5%9B%BE%E8%A1%A8%E7%B1%BB%E5%9E%8B.xlsx	step3/更改图表类型.xlsx	d934e72d1192b7ff019708580847aa974e1135a59eae769ceee8101eaba046c9
2-5	2-5-4	2-5%20%E5%AE%9E%E9%AA%8C%E5%8D%81%20WPS%20%E8%A1%A8%E6%A0%BC%20%E7%94%A8%E5%9B%BE%E8%A1%A8%E7%9B%B4%E8%A7%82%E5%B1%95%E7%A4%BA%E6%95%B0%E6%8D%AE/step4/%E6%B7%BB%E5%8A%A0%E6%88%96%E5%88%A0%E9%99%A4%E5%9B%BE%E8%A1%A8%E5%9B%BE%E8%A1%A8%E5%85%83%E7%B4%A0.xlsx	step4/添加或删除图表图表元素.xlsx	e5f7d06acf78042de6e159801539cb0caec380db5fc7f43625e557e3d1ad5730
2-6	2-6-1	2-6%20%E5%AE%9E%E9%AA%8C%E5%8D%81%20WPS%20%E8%A1%A8%E6%A0%BC%20%E8%AE%BE%E7%BD%AE%E5%9B%BE%E8%A1%A8%E6%A0%BC%E5%BC%8F/step1/%E8%AE%BE%E7%BD%AE%E5%9B%BE%E8%A1%A8%E6%A0%BC%E5%BC%8F.xlsx	step1/设置图表格式.xlsx	c5957b1cabad50ac171bca6c8bbbe74792ecba8ea5e3ba31c16926183cf368ac
2-6	2-6-2	2-6%20%E5%AE%9E%E9%AA%8C%E5%8D%81%20WPS%20%E8%A1%A8%E6%A0%BC%20%E8%AE%BE%E7%BD%AE%E5%9B%BE%E8%A1%A8%E6%A0%BC%E5%BC%8F/step2/%E8%AE%BE%E7%BD%AE%E5%9B%BE%E8%A1%A8%E6%A0%BC%E5%BC%8F.xlsx	step2/设置图表格式.xlsx	1da3c66aaf8c71e3a4757771305a5dc5b737ea5858287c018a5788d1c8993ad4
2-6	2-6-3	2-6%20%E5%AE%9E%E9%AA%8C%E5%8D%81%20WPS%20%E8%A1%A8%E6%A0%BC%20%E8%AE%BE%E7%BD%AE%E5%9B%BE%E8%A1%A8%E6%A0%BC%E5%BC%8F/step3/%E8%AE%BE%E7%BD%AE%E5%9B%BE%E8%A1%A8%E6%A0%BC%E5%BC%8F.xlsx	step3/设置图表格式.xlsx	1767e76481c3983e9d828ad160f94d2f05a7abba05c2239100c52671b6ff6d41
2-6	2-6-4	2-6%20%E5%AE%9E%E9%AA%8C%E5%8D%81%20WPS%20%E8%A1%A8%E6%A0%BC%20%E8%AE%BE%E7%BD%AE%E5%9B%BE%E8%A1%A8%E6%A0%BC%E5%BC%8F/step4/%E8%AE%BE%E7%BD%AE%E5%9B%BE%E8%A1%A8%E6%A0%BC%E5%BC%8F.xlsx	step4/设置图表格式.xlsx	876b56ac6f7582545ec1990549710b0883af6a452634baec960046ef5537228b
2-7	2-7-1	2-7%20%E5%AE%9E%E9%AA%8C%E5%85%AD%20WPS%20%E8%A1%A8%E6%A0%BC%20%E4%BF%9D%E6%8A%A4%E5%B7%A5%E4%BD%9C%E7%B0%BF%E4%B8%8E%E5%B7%A5%E4%BD%9C%E8%A1%A8/step1/step1.xlsx	step1/step1.xlsx	969398117dd237b9b7083c439cd843c7208d38ec51b3c64171117983d791a696
2-8	2-8-1	2-8%20%E5%AE%9E%E9%AA%8C%E5%8D%81%20WPS%20%E8%A1%A8%E6%A0%BC%20%E6%9B%B4%E6%94%B9%E5%9B%BE%E8%A1%A8%E5%B8%83%E5%B1%80%E4%B8%8E%E6%A0%B7%E5%BC%8F/step1/%E6%9B%B4%E6%94%B9%E5%9B%BE%E8%A1%A8%E5%B8%83%E5%B1%80%E4%B8%8E%E6%A0%B7%E5%BC%8F.xlsx	step1/更改图表布局与样式.xlsx	4dda55b3dc7bc9cd81f15b4b7816790451f30cc5d222a758f019402e344f1d03
2-8	2-8-2	2-8%20%E5%AE%9E%E9%AA%8C%E5%8D%81%20WPS%20%E8%A1%A8%E6%A0%BC%20%E6%9B%B4%E6%94%B9%E5%9B%BE%E8%A1%A8%E5%B8%83%E5%B1%80%E4%B8%8E%E6%A0%B7%E5%BC%8F/step2/%E6%9B%B4%E6%94%B9%E5%9B%BE%E8%A1%A8%E5%B8%83%E5%B1%80%E4%B8%8E%E6%A0%B7%E5%BC%8F.xlsx	step2/更改图表布局与样式.xlsx	4ac621e2d5330de0a4a1fb2e8456a31e859452bb3187523b44087411804ebfd7
3-1	3-1-1	3-1%20%E5%AE%9E%E9%AA%8C%E5%8D%81%E4%B8%80%20WPS%20%E6%BC%94%E7%A4%BA%20%E5%88%9D%E5%AD%A6%E8%80%85%E5%88%B6%E4%BD%9C%E6%BC%94%E7%A4%BA%E6%96%87%E7%A8%BF/res/.gitkeep	res/.gitkeep	e3b0c44298fc1c149afbf4c8996fb92427ae41e4649b934ca495991b7852b855
3-1	3-1-1	3-1%20%E5%AE%9E%E9%AA%8C%E5%8D%81%E4%B8%80%20WPS%20%E6%BC%94%E7%A4%BA%20%E5%88%9D%E5%AD%A6%E8%80%85%E5%88%B6%E4%BD%9C%E6%BC%94%E7%A4%BA%E6%96%87%E7%A8%BF/res/%E4%B8%AD%E5%9B%BD%E5%85%B1%E4%BA%A7%E5%85%9A%E5%85%9A%E5%8F%B2.pptx	res/中国共产党党史.pptx	532f4c792f3864c043bfd9f647cbd38b6a7541746d0b4777152a48c63262ea31
3-1	3-1-2	3-1%20%E5%AE%9E%E9%AA%8C%E5%8D%81%E4%B8%80%20WPS%20%E6%BC%94%E7%A4%BA%20%E5%88%9D%E5%AD%A6%E8%80%85%E5%88%B6%E4%BD%9C%E6%BC%94%E7%A4%BA%E6%96%87%E7%A8%BF/test3/.gitkeep	test3/.gitkeep	e3b0c44298fc1c149afbf4c8996fb92427ae41e4649b934ca495991b7852b855
3-1	3-1-2	3-1%20%E5%AE%9E%E9%AA%8C%E5%8D%81%E4%B8%80%20WPS%20%E6%BC%94%E7%A4%BA%20%E5%88%9D%E5%AD%A6%E8%80%85%E5%88%B6%E4%BD%9C%E6%BC%94%E7%A4%BA%E6%96%87%E7%A8%BF/test3/%E4%B8%AD%E5%9B%BD%E5%85%B1%E4%BA%A7%E5%85%9A%E5%85%9A%E5%8F%B2.pptx	test3/中国共产党党史.pptx	1a6925a0ecb708245a4ba7a47c1c223f70f19b8480e310daddd22c6db16a5805
3-1	3-1-3	3-1%20%E5%AE%9E%E9%AA%8C%E5%8D%81%E4%B8%80%20WPS%20%E6%BC%94%E7%A4%BA%20%E5%88%9D%E5%AD%A6%E8%80%85%E5%88%B6%E4%BD%9C%E6%BC%94%E7%A4%BA%E6%96%87%E7%A8%BF/test4/.gitkeep	test4/.gitkeep	e3b0c44298fc1c149afbf4c8996fb92427ae41e4649b934ca495991b7852b855
3-1	3-1-3	3-1%20%E5%AE%9E%E9%AA%8C%E5%8D%81%E4%B8%80%20WPS%20%E6%BC%94%E7%A4%BA%20%E5%88%9D%E5%AD%A6%E8%80%85%E5%88%B6%E4%BD%9C%E6%BC%94%E7%A4%BA%E6%96%87%E7%A8%BF/test4/%E4%B8%AD%E5%9B%BD%E5%85%B1%E4%BA%A7%E5%85%9A%E5%85%9A%E5%8F%B2.pptx	test4/中国共产党党史.pptx	e9686466a2f0c01886e762dbff450e2dfd713d53ba799c55b86ba380136adf52
3-1	3-1-4	3-1%20%E5%AE%9E%E9%AA%8C%E5%8D%81%E4%B8%80%20WPS%20%E6%BC%94%E7%A4%BA%20%E5%88%9D%E5%AD%A6%E8%80%85%E5%88%B6%E4%BD%9C%E6%BC%94%E7%A4%BA%E6%96%87%E7%A8%BF/test5/.gitkeep	test5/.gitkeep	e3b0c44298fc1c149afbf4c8996fb92427ae41e4649b934ca495991b7852b855
3-1	3-1-4	3-1%20%E5%AE%9E%E9%AA%8C%E5%8D%81%E4%B8%80%20WPS%20%E6%BC%94%E7%A4%BA%20%E5%88%9D%E5%AD%A6%E8%80%85%E5%88%B6%E4%BD%9C%E6%BC%94%E7%A4%BA%E6%96%87%E7%A8%BF/test5/%E4%B8%AD%E5%9B%BD%E5%85%B1%E4%BA%A7%E5%85%9A%E5%85%9A%E5%8F%B2.pptx	test5/中国共产党党史.pptx	dfc9a718ccd6bb93b0fca231e72381f391c337c7625f59b94fc6bd97d27a6294
3-10	3-10-1	3-10%20WPS%20%E6%BC%94%E7%A4%BA%E6%96%87%E7%A8%BF%E7%BE%8E%E5%8C%96%20%E7%BB%BC%E5%90%88%E5%AE%9E%E8%B7%B5/test/test.pptx	test/test.pptx	ce8f2376fcfd0c4d33cf6ccefd0822edd4f7066003e1faf34f48a6c47b8d55b4
3-11	3-11-1	3-11%20%E5%AE%9E%E9%AA%8C%E5%8D%81%E5%9B%9B%20WPS%20%E6%BC%94%E7%A4%BA%20%E8%87%AA%E5%AE%9A%E4%B9%89%E5%8A%A8%E7%94%BB/test/%E4%B8%AD%E5%9B%BD%E5%85%B1%E4%BA%A7%E5%85%9A%E5%85%9A%E5%8F%B2.pptx	test/中国共产党党史.pptx	2674b84039483f88626d27f877a6781fd972d5cc93df2c8dee23445c3b4e8848
3-11	3-11-2	3-11%20%E5%AE%9E%E9%AA%8C%E5%8D%81%E5%9B%9B%20WPS%20%E6%BC%94%E7%A4%BA%20%E8%87%AA%E5%AE%9A%E4%B9%89%E5%8A%A8%E7%94%BB/test2/%E4%B8%AD%E5%9B%BD%E5%85%B1%E4%BA%A7%E5%85%9A%E5%85%9A%E5%8F%B2.pptx	test2/中国共产党党史.pptx	163ec6ca59e73d2404d781ec8617ec05baaf3016619ddaf1bef303ec66095390
3-11	3-11-3	3-11%20%E5%AE%9E%E9%AA%8C%E5%8D%81%E5%9B%9B%20WPS%20%E6%BC%94%E7%A4%BA%20%E8%87%AA%E5%AE%9A%E4%B9%89%E5%8A%A8%E7%94%BB/test3/%E4%B8%AD%E5%9B%BD%E5%85%B1%E4%BA%A7%E5%85%9A%E5%85%9A%E5%8F%B2.pptx	test3/中国共产党党史.pptx	d73c531b8588159c2549aceb803a57131cb371792bc71adadbc06c2692c970e1
3-12	3-12-1	3-12%20%E5%AE%9E%E9%AA%8C%E5%8D%81%E5%9B%9B%20WPS%20%E6%BC%94%E7%A4%BA%20%E5%B9%BB%E7%81%AF%E7%89%87%E5%88%87%E6%8D%A2%E5%8A%A8%E7%94%BB/test/%E4%B8%AD%E5%9B%BD%E5%85%B1%E4%BA%A7%E5%85%9A%E5%85%9A%E5%8F%B2.pptx	test/中国共产党党史.pptx	e6aa406fbcac6eeed33bbddf5ea046673a27208e7b0a88fd8d31f271bf128696
3-12	3-12-2	3-12%20%E5%AE%9E%E9%AA%8C%E5%8D%81%E5%9B%9B%20WPS%20%E6%BC%94%E7%A4%BA%20%E5%B9%BB%E7%81%AF%E7%89%87%E5%88%87%E6%8D%A2%E5%8A%A8%E7%94%BB/test2/%E4%B8%AD%E5%9B%BD%E5%85%B1%E4%BA%A7%E5%85%9A%E5%85%9A%E5%8F%B2.pptx	test2/中国共产党党史.pptx	30a610cbe9efd3a8c013e3748065561d7d49d155d891ccda05a14b4c9bf10c05
3-12	3-12-3	3-12%20%E5%AE%9E%E9%AA%8C%E5%8D%81%E5%9B%9B%20WPS%20%E6%BC%94%E7%A4%BA%20%E5%B9%BB%E7%81%AF%E7%89%87%E5%88%87%E6%8D%A2%E5%8A%A8%E7%94%BB/test3/%E4%B8%AD%E5%9B%BD%E5%85%B1%E4%BA%A7%E5%85%9A%E5%85%9A%E5%8F%B2.pptx	test3/中国共产党党史.pptx	3dd706a892f2d1cc4e57f5633c0cd75dfa456357e7b284cb7c04dd210bbd4639
3-13	3-13-1	3-13%20%E5%AE%9E%E9%AA%8C%E5%8D%81%E5%9B%9B%20WPS%20%E6%BC%94%E7%A4%BA%E5%8A%A8%E7%94%BB%E5%88%B6%E4%BD%9C%20%E7%BB%BC%E5%90%88%E5%AE%9E%E8%B7%B5/test/test.pptx	test/test.pptx	8ad43c0353d4aabb2d817796c3a9a32405e49b991eb227fe1b9690d634c1185a
3-14	3-14-1	3-14%20%E5%AE%9E%E9%AA%8C%E5%8D%81%E5%9B%9B%20WPS%20%E6%BC%94%E7%A4%BA%20%E6%94%BE%E6%98%A0/test/%E4%B8%AD%E5%9B%BD%E5%85%B1%E4%BA%A7%E5%85%9A%E5%85%9A%E5%8F%B2.pptx	test/中国共产党党史.pptx	d949e29cd94232fa802cb9c99a6db879d05d9a28ca0d6de60b5f246b10c9a06d
3-15	3-15-1	3-15%20%E5%AE%9E%E9%AA%8C%E5%8D%81%E5%9B%9B%20WPS%20%E6%BC%94%E7%A4%BA%20%E8%BE%93%E5%87%BA/test/%E4%B8%AD%E5%9B%BD%E5%85%B1%E4%BA%A7%E5%85%9A%E5%85%9A%E5%8F%B2.pdf	test/中国共产党党史.pdf	adda412674697cbab37017e4b98232b990047b647844ebe8081c74927338f9d6
3-15	3-15-1	3-15%20%E5%AE%9E%E9%AA%8C%E5%8D%81%E5%9B%9B%20WPS%20%E6%BC%94%E7%A4%BA%20%E8%BE%93%E5%87%BA/test/%E4%B8%AD%E5%9B%BD%E5%85%B1%E4%BA%A7%E5%85%9A%E5%85%9A%E5%8F%B2.ppt	test/中国共产党党史.ppt	b5f731ae2f83190c3f8369787fc0d8ed8fd31a7c8a7931084342796ce457cee9
3-15	3-15-1	3-15%20%E5%AE%9E%E9%AA%8C%E5%8D%81%E5%9B%9B%20WPS%20%E6%BC%94%E7%A4%BA%20%E8%BE%93%E5%87%BA/test/%E4%B8%AD%E5%9B%BD%E5%85%B1%E4%BA%A7%E5%85%9A%E5%85%9A%E5%8F%B2.pptx	test/中国共产党党史.pptx	183e26be0f6adde1de4e526575fc9c0e2f17083475d1d18bd4e7a0451267814c
3-15	3-15-2	3-15%20%E5%AE%9E%E9%AA%8C%E5%8D%81%E5%9B%9B%20WPS%20%E6%BC%94%E7%A4%BA%20%E8%BE%93%E5%87%BA/test2/%E4%B8%AD%E5%9B%BD%E5%85%B1%E4%BA%A7%E5%85%9A%E5%85%9A%E5%8F%B2.pdf	test2/中国共产党党史.pdf	994a226a5ff1ecc1702f3640403a0c6af61d82c6426e20253f2f3fe14103f172
3-15	3-15-2	3-15%20%E5%AE%9E%E9%AA%8C%E5%8D%81%E5%9B%9B%20WPS%20%E6%BC%94%E7%A4%BA%20%E8%BE%93%E5%87%BA/test2/%E4%B8%AD%E5%9B%BD%E5%85%B1%E4%BA%A7%E5%85%9A%E5%85%9A%E5%8F%B2.pptx	test2/中国共产党党史.pptx	183e26be0f6adde1de4e526575fc9c0e2f17083475d1d18bd4e7a0451267814c
3-15	3-15-3	3-15%20%E5%AE%9E%E9%AA%8C%E5%8D%81%E5%9B%9B%20WPS%20%E6%BC%94%E7%A4%BA%20%E8%BE%93%E5%87%BA/test3/%E4%B8%AD%E5%9B%BD%E5%85%B1%E4%BA%A7%E5%85%9A%E5%85%9A%E5%8F%B2.pdf	test3/中国共产党党史.pdf	efc3dc36346e34092539aebaedfbff160acb5da68819e8cec57cdec702a4c59c
3-15	3-15-3	3-15%20%E5%AE%9E%E9%AA%8C%E5%8D%81%E5%9B%9B%20WPS%20%E6%BC%94%E7%A4%BA%20%E8%BE%93%E5%87%BA/test3/%E4%B8%AD%E5%9B%BD%E5%85%B1%E4%BA%A7%E5%85%9A%E5%85%9A%E5%8F%B2.pptx	test3/中国共产党党史.pptx	183e26be0f6adde1de4e526575fc9c0e2f17083475d1d18bd4e7a0451267814c
3-15	3-15-4	3-15%20%E5%AE%9E%E9%AA%8C%E5%8D%81%E5%9B%9B%20WPS%20%E6%BC%94%E7%A4%BA%20%E8%BE%93%E5%87%BA/test4/%E4%B8%AD%E5%9B%BD%E5%85%B1%E4%BA%A7%E5%85%9A%E5%85%9A%E5%8F%B2.pptx	test4/中国共产党党史.pptx	183e26be0f6adde1de4e526575fc9c0e2f17083475d1d18bd4e7a0451267814c
3-15	3-15-4	3-15%20%E5%AE%9E%E9%AA%8C%E5%8D%81%E5%9B%9B%20WPS%20%E6%BC%94%E7%A4%BA%20%E8%BE%93%E5%87%BA/test4/%E4%B8%AD%E5%9B%BD%E5%85%B1%E4%BA%A7%E5%85%9A%E5%85%9A%E5%8F%B21.pdf	test4/中国共产党党史1.pdf	5ea6916d63ccb59e113f595d8808a1a43e5fd77d2ed3241687f222cb20d2d22c
3-15	3-15-4	3-15%20%E5%AE%9E%E9%AA%8C%E5%8D%81%E5%9B%9B%20WPS%20%E6%BC%94%E7%A4%BA%20%E8%BE%93%E5%87%BA/test4/%E4%B8%AD%E5%9B%BD%E5%85%B1%E4%BA%A7%E5%85%9A%E5%85%9A%E5%8F%B22.pdf	test4/中国共产党党史2.pdf	a00af0631677227bdac7142819bb1df6dad5059d52eb8af4d004b1917775ccb4
3-15	3-15-4	3-15%20%E5%AE%9E%E9%AA%8C%E5%8D%81%E5%9B%9B%20WPS%20%E6%BC%94%E7%A4%BA%20%E8%BE%93%E5%87%BA/test4/%E4%B8%AD%E5%9B%BD%E5%85%B1%E4%BA%A7%E5%85%9A%E5%85%9A%E5%8F%B23.pdf	test4/中国共产党党史3.pdf	e7c2f8f8f2e06f479800597b4206e51b78ad9a78f2855a99cbcd4123a1fa299d
3-16	3-16-1	3-16%20%E5%AE%9E%E9%AA%8C%E5%8D%81%E5%9B%9B%20WPS%20%E6%BC%94%E7%A4%BA%E6%96%87%E7%A8%BF%E6%94%BE%E6%98%A0%E4%B8%8E%E8%BE%93%E5%87%BA%20%E7%BB%BC%E5%90%88%E5%AE%9E%E8%B7%B5/test/6.4.3.pdf	test/6.4.3.pdf	8fcbb432db42e64149f6cfc96688d00c7306ee2b08e6b20a20b43c3d09b667de
3-16	3-16-1	3-16%20%E5%AE%9E%E9%AA%8C%E5%8D%81%E5%9B%9B%20WPS%20%E6%BC%94%E7%A4%BA%E6%96%87%E7%A8%BF%E6%94%BE%E6%98%A0%E4%B8%8E%E8%BE%93%E5%87%BA%20%E7%BB%BC%E5%90%88%E5%AE%9E%E8%B7%B5/test/6.4.3.pptx	test/6.4.3.pptx	54704e82d618f92bfc6917cc98ec006df0fda3e07d128a3ba2d0710dc30e11dc
3-16	3-16-1	3-16%20%E5%AE%9E%E9%AA%8C%E5%8D%81%E5%9B%9B%20WPS%20%E6%BC%94%E7%A4%BA%E6%96%87%E7%A8%BF%E6%94%BE%E6%98%A0%E4%B8%8E%E8%BE%93%E5%87%BA%20%E7%BB%BC%E5%90%88%E5%AE%9E%E8%B7%B5/test/test.pdf	test/test.pdf	1412cbeaa3d0f9b3fbc9e888adf2afe5e23ffe4edbf2be20d41c601079b6eefc
3-16	3-16-1	3-16%20%E5%AE%9E%E9%AA%8C%E5%8D%81%E5%9B%9B%20WPS%20%E6%BC%94%E7%A4%BA%E6%96%87%E7%A8%BF%E6%94%BE%E6%98%A0%E4%B8%8E%E8%BE%93%E5%87%BA%20%E7%BB%BC%E5%90%88%E5%AE%9E%E8%B7%B5/test/test.pptx	test/test.pptx	8bcfc9b628f6d7d280045e70c5478275d5e4f4ec3b981656799b1ddaf9a1966c
3-16	3-16-1	3-16%20%E5%AE%9E%E9%AA%8C%E5%8D%81%E5%9B%9B%20WPS%20%E6%BC%94%E7%A4%BA%E6%96%87%E7%A8%BF%E6%94%BE%E6%98%A0%E4%B8%8E%E8%BE%93%E5%87%BA%20%E7%BB%BC%E5%90%88%E5%AE%9E%E8%B7%B5/test/%E6%89%93%E5%8D%B01.pdf	test/打印1.pdf	d5d723ba48699ce2acfd46df2b33cef8fa1f0d71f34e6eccc94388c75cb074e6
3-16	3-16-1	3-16%20%E5%AE%9E%E9%AA%8C%E5%8D%81%E5%9B%9B%20WPS%20%E6%BC%94%E7%A4%BA%E6%96%87%E7%A8%BF%E6%94%BE%E6%98%A0%E4%B8%8E%E8%BE%93%E5%87%BA%20%E7%BB%BC%E5%90%88%E5%AE%9E%E8%B7%B5/test/%E6%89%93%E5%8D%B02.pdf	test/打印2.pdf	3b4b8cc5ed8cd3ae6dfaba1f0a49addca415786858354bd4445c8fde2bd9b594
3-2	3-2-1	3-2%20%E5%AE%9E%E9%AA%8C%E5%8D%81%E4%B8%80%20WPS%20%E6%BC%94%E7%A4%BA%20%E4%BD%BF%E7%94%A8%E6%AF%8D%E7%89%88%E5%88%9B%E5%BB%BA%E8%87%AA%E5%B7%B1%E7%9A%84%E6%BC%94%E7%A4%BA%E6%96%87%E7%A8%BF/test1/%E6%B5%8B%E8%AF%95.pptx	test1/测试.pptx	5e60aeb4f1fc73e92061393e4c57adc588a48dcf427bf441ce7dd2759b69a2b5
3-2	3-2-2	3-2%20%E5%AE%9E%E9%AA%8C%E5%8D%81%E4%B8%80%20WPS%20%E6%BC%94%E7%A4%BA%20%E4%BD%BF%E7%94%A8%E6%AF%8D%E7%89%88%E5%88%9B%E5%BB%BA%E8%87%AA%E5%B7%B1%E7%9A%84%E6%BC%94%E7%A4%BA%E6%96%87%E7%A8%BF/test2/%E4%B8%AD%E5%9B%BD%E5%85%B1%E4%BA%A7%E5%85%9A%E5%85%9A%E5%8F%B2.pptx	test2/中国共产党党史.pptx	b4b7c30966f32e9bd23d7d73a6406260e3759be5073b5103d8b7bc66e0525970
3-2	3-2-3	3-2%20%E5%AE%9E%E9%AA%8C%E5%8D%81%E4%B8%80%20WPS%20%E6%BC%94%E7%A4%BA%20%E4%BD%BF%E7%94%A8%E6%AF%8D%E7%89%88%E5%88%9B%E5%BB%BA%E8%87%AA%E5%B7%B1%E7%9A%84%E6%BC%94%E7%A4%BA%E6%96%87%E7%A8%BF/test3/%E4%B8%AD%E5%9B%BD%E5%85%B1%E4%BA%A7%E5%85%9A%E5%85%9A%E5%8F%B2.pptx	test3/中国共产党党史.pptx	813532310d85295c9f591caee1de8e854597a6265f4a3a5e3a6b8ec70cb06aab
3-2	3-2-3	3-2%20%E5%AE%9E%E9%AA%8C%E5%8D%81%E4%B8%80%20WPS%20%E6%BC%94%E7%A4%BA%20%E4%BD%BF%E7%94%A8%E6%AF%8D%E7%89%88%E5%88%9B%E5%BB%BA%E8%87%AA%E5%B7%B1%E7%9A%84%E6%BC%94%E7%A4%BA%E6%96%87%E7%A8%BF/test3/%E6%B5%8B%E8%AF%95.pptx	test3/测试.pptx	239e120d447dbbfbbac8f3b370b4b1f7d540074128d0089e771848cf753762b1
3-3	3-3-1	3-3%20%E5%AE%9E%E9%AA%8C%E5%8D%81%E4%B8%80%20WPS%20%E6%BC%94%E7%A4%BA%E5%88%9B%E5%BB%BA%E8%87%AA%E5%B7%B1%E7%9A%84%E6%AF%8D%E7%89%88%20%E7%BB%BC%E5%90%88%E5%AE%9E%E8%B7%B5/test/test.pptx	test/test.pptx	a1f725c3cbcaaa1add99fc69432454ecd7da2b37c826168471f1870302560187
3-4	3-4-1	3-4%20%E5%AE%9E%E9%AA%8C%E5%8D%81%E4%BA%8C%20WPS%20%E6%BC%94%E7%A4%BA%20%E6%96%87%E6%9C%AC%E6%A1%86/test1/%E4%B8%AD%E5%9B%BD%E5%85%B1%E4%BA%A7%E5%85%9A%E5%85%9A%E5%8F%B2.pptx	test1/中国共产党党史.pptx	8876d8f86b811ff4341c811a467030837aefd7e498c2cecbf0f82bc43cb912f0
3-4	3-4-2	3-4%20%E5%AE%9E%E9%AA%8C%E5%8D%81%E4%BA%8C%20WPS%20%E6%BC%94%E7%A4%BA%20%E6%96%87%E6%9C%AC%E6%A1%86/test2/%E4%B8%AD%E5%9B%BD%E5%85%B1%E4%BA%A7%E5%85%9A%E5%85%9A%E5%8F%B2.pptx	test2/中国共产党党史.pptx	3a227c46c78788ad19c4343bb26b9c725bf656e86d43da952c46be4977eb9cd7
3-4	3-4-3	3-4%20%E5%AE%9E%E9%AA%8C%E5%8D%81%E4%BA%8C%20WPS%20%E6%BC%94%E7%A4%BA%20%E6%96%87%E6%9C%AC%E6%A1%86/test3/%E4%B8%AD%E5%9B%BD%E5%85%B1%E4%BA%A7%E5%85%9A%E5%85%9A%E5%8F%B2.pptx	test3/中国共产党党史.pptx	d5584ac3344b179e1a6f81b92f936890f01dee78a860a68bc2d6abea673bf1c1
3-5	3-5-1	3-5%20%E5%AE%9E%E9%AA%8C%E5%8D%81%E4%BA%8C%20WPS%20%E6%BC%94%E7%A4%BA%20%E5%BD%A2%E7%8A%B6/test1/%E4%B8%AD%E5%9B%BD%E5%85%B1%E4%BA%A7%E5%85%9A%E5%85%9A%E5%8F%B2.pptx	test1/中国共产党党史.pptx	7a892003f0090d7f743ef1ca250c4604add840510eb150318c60a76878c39416
3-5	3-5-2	3-5%20%E5%AE%9E%E9%AA%8C%E5%8D%81%E4%BA%8C%20WPS%20%E6%BC%94%E7%A4%BA%20%E5%BD%A2%E7%8A%B6/test2/%E4%B8%AD%E5%9B%BD%E5%85%B1%E4%BA%A7%E5%85%9A%E5%85%9A%E5%8F%B2.pptx	test2/中国共产党党史.pptx	775e601d88d2dabc89cc281cc725e1cb9765fe15cb341a0fc6e1a59bacf888bc
3-5	3-5-3	3-5%20%E5%AE%9E%E9%AA%8C%E5%8D%81%E4%BA%8C%20WPS%20%E6%BC%94%E7%A4%BA%20%E5%BD%A2%E7%8A%B6/test3/%E4%B8%AD%E5%9B%BD%E5%85%B1%E4%BA%A7%E5%85%9A%E5%85%9A%E5%8F%B2.pptx	test3/中国共产党党史.pptx	8e3c2afd462617e320194f8d8f057044d02522b20c7bd7b6b909c320519ca8ac
3-5	3-5-4	3-5%20%E5%AE%9E%E9%AA%8C%E5%8D%81%E4%BA%8C%20WPS%20%E6%BC%94%E7%A4%BA%20%E5%BD%A2%E7%8A%B6/test4/%E4%B8%AD%E5%9B%BD%E5%85%B1%E4%BA%A7%E5%85%9A%E5%85%9A%E5%8F%B2.pptx	test4/中国共产党党史.pptx	3da6a24b35610866c6b775e752245bc17ace8bbfc9b6cce7c458550258f5e31e
3-6	3-6-1	3-6%20%E5%AE%9E%E9%AA%8C%E5%8D%81%E4%BA%8C%20WPS%20%E6%BC%94%E7%A4%BA%20%E5%9B%BE%E7%89%87/test1/%E4%B8%AD%E5%9B%BD%E5%85%B1%E4%BA%A7%E5%85%9A%E5%85%9A%E5%8F%B2.pptx	test1/中国共产党党史.pptx	f688890542c7ca01413b2708c91c7697816398cc72f08aa51088dae727494a36
3-6	3-6-2	3-6%20%E5%AE%9E%E9%AA%8C%E5%8D%81%E4%BA%8C%20WPS%20%E6%BC%94%E7%A4%BA%20%E5%9B%BE%E7%89%87/test2/%E4%B8%AD%E5%9B%BD%E5%85%B1%E4%BA%A7%E5%85%9A%E5%85%9A%E5%8F%B2.pptx	test2/中国共产党党史.pptx	07ed76e028390b0d5042b195011b7a2567fa47fcf08efa759c43b34301a8db9b
3-6	3-6-3	3-6%20%E5%AE%9E%E9%AA%8C%E5%8D%81%E4%BA%8C%20WPS%20%E6%BC%94%E7%A4%BA%20%E5%9B%BE%E7%89%87/test3/%E4%B8%AD%E5%9B%BD%E5%85%B1%E4%BA%A7%E5%85%9A%E5%85%9A%E5%8F%B2.pptx	test3/中国共产党党史.pptx	b9ffe9838b5ecc4198bc71a03c6ccd42d161a00bf6cea7f4c8750ec88b076b29
3-7	3-7-1	3-7%20%E5%AE%9E%E9%AA%8C%E5%8D%81%E4%BA%8C%20WPS%20%E6%BC%94%E7%A4%BA%20%E5%9B%BE%E8%A1%A8/test/%E4%B8%AD%E5%9B%BD%E5%85%B1%E4%BA%A7%E5%85%9A%E5%85%9A%E5%8F%B2.pptx	test/中国共产党党史.pptx	af20a6876aa3d148c294f3d6c3b5482d25960cb3a879475018a4230008fd137b
3-7	3-7-2	3-7%20%E5%AE%9E%E9%AA%8C%E5%8D%81%E4%BA%8C%20WPS%20%E6%BC%94%E7%A4%BA%20%E5%9B%BE%E8%A1%A8/test2/%E5%9B%BE%E8%A1%A8.pptx	test2/图表.pptx	7b5d7e0fda13aafe2b7e35bbfa61439d13aa5b850b09f8a53890f23d587a1bf8
3-7	3-7-3	3-7%20%E5%AE%9E%E9%AA%8C%E5%8D%81%E4%BA%8C%20WPS%20%E6%BC%94%E7%A4%BA%20%E5%9B%BE%E8%A1%A8/test3/%E5%9B%BE%E8%A1%A8.pptx	test3/图表.pptx	924ba6728a55169507f691e44fa3426ce9782be3c72f74bd34a715a22b2ebb0a
3-8	3-8-1	3-8%20%E5%AE%9E%E9%AA%8C%E5%8D%81%E4%B8%89%20WPS%20%E6%BC%94%E7%A4%BA%20%E7%AC%A6%E5%8F%B7%E5%92%8C%E8%89%BA%E6%9C%AF%E5%AD%97/test/%E6%8F%92%E5%85%A5%E7%AC%A6%E5%8F%B7.pptx	test/插入符号.pptx	8683b1b95972949ae4e7570a34a5bbbcb02dab6f299e2bccaf7f4d246bde4718
3-8	3-8-2	3-8%20%E5%AE%9E%E9%AA%8C%E5%8D%81%E4%B8%89%20WPS%20%E6%BC%94%E7%A4%BA%20%E7%AC%A6%E5%8F%B7%E5%92%8C%E8%89%BA%E6%9C%AF%E5%AD%97/test2/%E4%B8%AD%E5%9B%BD%E5%85%B1%E4%BA%A7%E5%85%9A%E5%85%9A%E5%8F%B2.pptx	test2/中国共产党党史.pptx	54776d4cf7dd7410cde53134104b344cf5dd82ddccb43b4068d4565f1da64913
3-9	3-9-1	3-9%20%E5%AE%9E%E9%AA%8C%E5%8D%81%E4%B8%89%20WPS%20%E6%BC%94%E7%A4%BA%20%E9%9F%B3%E9%A2%91%E5%92%8C%E8%A7%86%E9%A2%91/test/%E4%B8%AD%E5%9B%BD%E5%85%B1%E4%BA%A7%E5%85%9A%E5%85%9A%E5%8F%B2.pptx	test/中国共产党党史.pptx	a0ebfc3d718d4ccaebe695df6106a00f032c82a245a51ddcdc74b5edee0b9ad1
3-9	3-9-2	3-9%20%E5%AE%9E%E9%AA%8C%E5%8D%81%E4%B8%89%20WPS%20%E6%BC%94%E7%A4%BA%20%E9%9F%B3%E9%A2%91%E5%92%8C%E8%A7%86%E9%A2%91/test2/%E4%B8%AD%E5%9B%BD%E5%85%B1%E4%BA%A7%E5%85%9A%E5%85%9A%E5%8F%B2.pptx	test2/中国共产党党史.pptx	47f6c67500af9db500e2403b020d2e4bcfda348a424c37b7512ecd347f9cd745
4-1	4-1-1	4-1%20WPS%20%E6%96%87%E6%A1%A3%20%E6%9F%A5%E6%89%BE%E5%92%8C%E6%9B%BF%E6%8D%A2%E6%96%87%E6%9C%AC%E5%8F%8A%E9%AB%98%E7%BA%A7%E5%BA%94%E7%94%A8/04/%E4%B8%83%E4%B8%80%E8%AE%B2%E8%AF%9D%E8%8A%82%E9%80%89.docx	04/七一讲话节选.docx	46e94f09a5061b9071ab86db84d2b9c2696c488b7bd51c10f291078423a79747
4-1	4-1-1	4-1%20WPS%20%E6%96%87%E6%A1%A3%20%E6%9F%A5%E6%89%BE%E5%92%8C%E6%9B%BF%E6%8D%A2%E6%96%87%E6%9C%AC%E5%8F%8A%E9%AB%98%E7%BA%A7%E5%BA%94%E7%94%A8/04/%E4%B8%AD%E5%9B%BD%E5%85%B1%E4%BA%A7%E5%85%9A%E5%85%9A%E5%8F%B2.docx	04/中国共产党党史.docx	626937aa630b68df780e661b91dd6b75bd537174f505d7fb62f36d440e5d1b8e
4-2	4-2-1	4-2%20WPS%20%E6%96%87%E6%A1%A3%20%E6%9F%A5%E6%89%BE%E6%9B%BF%E6%8D%A2%E7%BB%BC%E5%90%88%E5%BA%94%E7%94%A8%20%E5%88%B6%E4%BD%9C%E5%9B%BE%E4%B9%A6%E7%AE%A1%E7%90%86%E5%88%B6%E5%BA%A6/06/%E5%9B%BE%E4%B9%A6%E7%AE%A1%E7%90%86%E5%88%B6%E5%BA%A6.docx	06/图书管理制度.docx	5bab3a96456c43f07e6869e0b55afd06b686242697af32f012feb9220fe1b840
4-3	4-3-1	4-3%20WPS%20%E6%96%87%E6%A1%A3%20%E8%AE%BE%E7%BD%AE%E5%88%86%E6%A0%8F/01/%E4%B8%AD%E5%9B%BD%E5%85%B1%E4%BA%A7%E5%85%9A%E5%85%9A%E5%8F%B2.docx	01/中国共产党党史.docx	c44adcef57d77a6c4f9e5177a1a004c470078c1c6b8fb1aba924dc8522849ca7
4-4	4-4-1	4-4%20WPS%20%E6%96%87%E6%A1%A3%20%E4%BD%BF%E7%94%A8%E5%88%B6%E8%A1%A8%E4%BD%8D%E5%AF%B9%E9%BD%90%E6%96%87%E6%9C%AC/01/%E7%94%B5%E8%A7%86%E5%89%A7%E8%B1%86%E7%93%A3%E8%AF%84%E5%88%86%E6%8E%92%E8%A1%8C%E6%A6%9C.docx	01/电视剧豆瓣评分排行榜.docx	c49255370c38e2bcb4a59d51e08aff7178c726ee31ab3c1098b602a09f4b381b
4-5	4-5-1	4-5%20WPS%20%E6%96%87%E6%A1%A3%20%E8%AE%BE%E7%BD%AE%E5%88%86%E6%A0%8F%E3%80%81%E6%B0%B4%E5%B9%B3%E5%88%B6%E8%A1%A8%E4%BD%8D%E3%80%81%E8%BE%B9%E6%A1%86%E5%BA%95%E7%BA%B9%E7%BB%BC%E5%90%88%E5%BA%94%E7%94%A8%20%E5%88%B6%E4%BD%9C%E6%9C%8D%E5%8A%A1%E5%99%A8%E5%80%9F%E7%94%A8%E5%90%88%E5%90%8C/01/%E6%9C%8D%E5%8A%A1%E5%99%A8%E5%80%9F%E7%94%A8%E5%90%88%E5%90%8C.docx	01/服务器借用合同.docx	750a21dc63d7b6cf2c5e86aff9735d477562f7326790f46d8aea78089f958c3a
4-6	4-6-1	4-6%20WPS%20%E6%96%87%E6%A1%A3%20%E8%A1%A8%E6%A0%BC%E5%A4%84%E7%90%86%E7%BB%BC%E5%90%88%E5%AE%9E%E8%B7%B5-%20%E5%88%B6%E4%BD%9C%E5%87%BA%E5%B7%AE%E5%AE%A1%E6%89%B9%E5%8D%95/01/xx%E5%8D%95%E4%BD%8D%E5%B7%AE%E6%97%85%E6%8A%A5%E9%94%80%E5%8D%95.docx	01/xx单位差旅报销单.docx	d99d44e51ec522eb37b3456deace6dcad3cde6c797d07002088943b96d109599
4-7	4-7-1	4-7%20WPS%20%E6%96%87%E6%A1%A3%20%E5%9B%BE%E7%89%87%E8%A1%A8%E6%A0%BC%E5%A4%84%E7%90%86%E7%BB%BC%E5%90%88%E5%AE%9E%E8%B7%B5-%20%E5%88%B6%E4%BD%9C%E7%94%B5%E5%AD%90%E5%B0%8F%E6%8A%A5/01/%E7%94%B5%E5%AD%90%E5%B0%8F%E6%8A%A5.docx	01/电子小报.docx	ba7d9a7197061e07e659c8acf51b262f7e3f2562be7e2663544728817ba2b742
4-8	4-8-1	4-8%20WPS%20%E6%96%87%E6%A1%A3%20%E8%AE%BE%E7%BD%AE%E6%A0%B7%E5%BC%8F/step_SetType/%E5%A4%9A%E5%AA%92%E4%BD%93%E4%BF%A1%E6%81%AF%E5%A4%84%E7%90%86%E5%B7%A5%E5%85%B7%E4%BB%8B%E7%BB%8D.docx	step_SetType/多媒体信息处理工具介绍.docx	58c82646e251710b9ee7f4570e46f392a3c85492b4d79a854048cde4a5aaf796
